alteracao_do_aparelho_digestivo|aperto_no_peito,"Então, eu vim mais pra checar e não deixar acumular. Dá uma sensação de opressão no peito que me assusta um pouco. Tenho refluxo e queimação depois de comer. Eu não sei se é estresse, mas tem me incomodado bastante."
alteracao_do_aparelho_cardiovascular|alteracao_do_aparelho_respiratorio|aperto_no_peito,"Percebi um padrão: eu não sei se é estresse, mas tem me incomodado bastante. Tenho episódios de batimento acelerado quando eu paro pra descansar. Parece que eu não consigo encher o pulmão direito em alguns momentos. Em alguns momentos meu peito aperta e eu fico mais tensa. Eu não sei se é estresse, mas tem me incomodado bastante."
alteracao_do_aparelho_cardiovascular|alteracao_do_aparelho_reprodutor|alteracao_do_aparelho_respiratorio|aperto_no_peito|sintoma_hormonal,"De forma objetiva, doutora, eu queria entender se isso é normal ou se eu deveria investigar. Isso aparece em fases específicas, então eu suspeito de hormônio. Tenho percebido palpitações e um mal-estar rápido. Notei mudança no fluxo menstrual, veio mais intenso. Tenho sensação de garganta irritada e peito 'pesado' pra respirar. Eu não queria exagerar, mas achei melhor comentar."
aperto_no_peito|fadiga_persistente|sintoma_hormonal,"Observei que eu fico insegura se é algo sério. Eu sinto que estou sempre no limite, sem bateria. Eu fico com o peito apertado e dá vontade de suspirar o tempo todo. Sinto inchaço e mudanças no corpo que eu acho que são hormonais. Eu fico insegura se é algo sério."
alteracao_do_aparelho_digestivo|alteracao_do_aparelho_reprodutor|dor_de_cabeca_frequente|sintoma_hormonal,"Ah doutora, eu tento levar, mas tem dias que pesa. Tem dias que é enxaqueca, fica latejando e me derruba. Minha menstruação veio diferente, com manchas e dor. Tenho ondas de calor e suor noturno de vez em quando, acho que é hormonal. Tenho refluxo e queimação depois de comer. Eu vim mais pra checar e não deixar acumular."
alteracao_do_aparelho_digestivo|alteracao_do_aparelho_reprodutor|fadiga_persistente,"Então, eu só queria uma orientação do que fazer. Meu intestino está desregulado, alterna entre preso e solto. Eu me sinto exausta desde cedo e vou piorando ao longo do dia. Tenho sangramento irregular e cólicas que não eram assim antes. Eu pensei que fosse fase, mas não está passando."
alteracao_do_aparelho_cardiovascular|dor_de_cabeca_frequente|sintoma_hormonal,"Olha, eu vim mais pra checar e não deixar acumular. Eu notei queda de cabelo e mudanças que parecem hormonais. Minha cabeça dói com frequência e às vezes dá náusea junto. Eu pensei que fosse fase, mas não está passando."
isolamento_social|sintoma_hormonal,"Tipo, eu fico insegura se é algo sério. Eu me afastei um pouco das minhas amigas sem perceber. Tenho ondas de calor e suor noturno de vez em quando, acho que é hormonal. Eu só queria uma orientação do que fazer."
dor_de_cabeca_frequente|risco_violencia_domestica,"Sei lá, eu só queria uma orientação do que fazer. Às vezes eu fico tensa só de pensar em falar como eu estou me sentindo em casa. Tem dias que é enxaqueca, fica latejando e me derruba. Eu tento levar, mas tem dias que pesa."
alteracao_do_aparelho_digestivo|alteracao_do_aparelho_reprodutor|dor_de_cabeca_frequente|fadiga_persistente,"Tenho notado que eu pensei que fosse fase, mas não está passando. Eu fico com o estômago embrulhado quando estou preocupada. A dor vem atrás dos olhos e piora com luz. Tenho sangramento irregular e cólicas que não eram assim antes. Eu sinto que estou sempre no limite, sem bateria. Eu percebi isso mais nas últimas semanas."
alteracao_do_aparelho_respiratorio|dor_muscular,"Sei lá, eu só queria uma orientação do que fazer. Parece que eu não consigo encher o pulmão direito em alguns momentos. Eu sinto dor no corpo, como se eu tivesse carregado peso."
alteracao_do_aparelho_cardiovascular|alteracao_do_aparelho_respiratorio,"Nas últimas semanas eu não sei se é estresse, mas tem me incomodado bastante. Em alguns momentos eu sinto falta de ar e fico ansiosa junto. Tenho percebido palpitações e um mal-estar rápido. Eu não queria exagerar, mas achei melhor comentar."
aperto_no_peito|dor_de_cabeca_frequente|dor_muscular|fadiga_persistente,"De forma objetiva, doutora, eu queria entender se isso é normal ou se eu deveria investigar. Eu fico com dor no ombro e no pescoço, parece que tudo trava. Eu sinto um peso no peito, não é dor forte, mas incomoda. Quando estou mais cansada, a dor aparece e demora pra ir embora. Mesmo em dias tranquilos eu estou esgotada."
dor_de_cabeca_frequente|dor_muscular,Nas últimas semanas eu só queria uma orientação do que fazer. A dor vem atrás dos olhos e piora com luz.
alteracao_do_aparelho_cardiovascular|alteracao_do_aparelho_respiratorio|aperto_no_peito|fadiga_persistente|sintoma_hormonal,"Tipo, eu vim mais pra checar e não deixar acumular. Eu fico sem energia o tempo inteiro, como se não recuperasse. Sinto uma taquicardia curta e depois passa, mas assusta. Eu fico com o peito apertado e dá vontade de suspirar o tempo todo. Parece que eu não consigo encher o pulmão direito em alguns momentos. Tenho ondas de calor e suor noturno de vez em quando, acho que é hormonal. Eu não queria exagerar, mas achei melhor comentar."
dor_muscular|fadiga_persistente,"De forma objetiva, doutora, eu queria entender se isso é normal ou se eu deveria investigar. Meu corpo fica pesado e com dores, tipo 'quebrada'. Eu fico sem energia o tempo inteiro, como se não recuperasse. Eu não queria exagerar, mas achei melhor comentar."
aperto_no_peito|fadiga_persistente,"Nas últimas semanas eu tento levar, mas tem dias que pesa. Eu tenho exaustão diária e isso atrapalha minha rotina. Quando fico nervosa, o peito aperta e demora a passar. Eu estou ficando preocupada porque está mais frequente."
alteracao_do_aparelho_cardiovascular|alteracao_do_aparelho_digestivo|alteracao_do_aparelho_reprodutor|dor_de_cabeca_frequente,"De forma objetiva, eu só queria uma orientação do que fazer. Sinto estufamento, gases e desconforto no estômago. Eu tenho dor de cabeça várias vezes na semana, tipo uma pressão na testa."
dor_de_cabeca_frequente|dor_muscular,"Sei lá, eu fico insegura se é algo sério. No fim da tarde minha cabeça pesa e a dor fica chata e constante. Eu fico insegura se é algo sério."
dor_de_cabeca_frequente|dor_muscular|fadiga_persistente,"Ah doutora, eu pensei que fosse fase, mas não está passando. É um cansaço constante, não é só sono. Meu pescoço e ombros ficam travados, como tensão acumulada. A dor vem atrás dos olhos e piora com luz. Eu não sei se é estresse, mas tem me incomodado bastante."
alteracao_do_aparelho_digestivo|alteracao_do_aparelho_reprodutor|dor_de_cabeca_frequente|dor_muscular|fadiga_persistente|sintoma_hormonal,"Então, eu estou ficando preocupada porque está mais frequente. Minha menstruação veio diferente, com manchas e dor. Mesmo em dias tranquilos eu estou esgotada. Tenho refluxo e queimação depois de comer. Eu percebi isso mais nas últimas semanas."
aperto_no_peito|risco_violencia_domestica,"Tipo, doutora, eu queria entender se isso é normal ou se eu deveria investigar. Eu não gosto muito de entrar em detalhes, mas eu fico mais em alerta em casa. Eu não sei se é estresse, mas tem me incomodado bastante."
alteracao_do_aparelho_digestivo|aperto_no_peito|fadiga_persistente|isolamento_social|sintoma_hormonal,"Então, eu tento levar, mas tem dias que pesa. Isso aparece em fases específicas, então eu suspeito de hormônio. Tenho refluxo e queimação depois de comer. Eu fico mais confortável sozinha ultimamente. Eu sinto um peso no peito, não é dor forte, mas incomoda. Eu tenho fadiga que dura semanas, sem melhora. Eu não queria exagerar, mas achei melhor comentar."
alteracao_do_aparelho_digestivo|dor_de_cabeca_frequente|dor_muscular|fadiga_persistente|sintoma_hormonal,"Olha, eu não queria exagerar, mas achei melhor comentar. Eu fico sem energia o tempo inteiro, como se não recuperasse. Meu apetite mudou, tem dia que eu esqueço de comer. No fim da tarde minha cabeça pesa e a dor fica chata e constante. Eu fico com dor no ombro e no pescoço, parece que tudo trava. Meu corpo parece diferente perto do ciclo, como se os hormônios mudassem tudo."
alteracao_do_aparelho_reprodutor|dor_de_cabeca_frequente|fadiga_persistente,"Olha, eu estou ficando preocupada porque está mais frequente. Eu fico sem energia o tempo inteiro, como se não recuperasse. Senti dor pélvica e o ciclo desregulou nas últimas semanas. Eu acordo com a cabeça pesada e isso vai e volta durante o dia. Eu só queria uma orientação do que fazer."
alteracao_do_aparelho_respiratorio|aperto_no_peito,"Então, doutora, eu queria entender se isso é normal ou se eu deveria investigar. Eu sinto um aperto no peito de vez em quando, como uma pressão. Eu sinto falta de ar às vezes, como se a respiração ficasse curta. Eu fico insegura se é algo sério."
alteracao_do_aparelho_digestivo|dor_muscular|fadiga_persistente|sintoma_hormonal,"Tipo, eu fico insegura se é algo sério. Eu tenho sentido enjoo e azia com frequência. Meu corpo fica pesado e com dores, tipo 'quebrada'. Mesmo em dias tranquilos eu estou esgotada. Meu humor e meu corpo mudam juntos perto do ciclo, parece hormonal."
dor_de_cabeca_frequente|dor_muscular,"Percebi um padrão: eu pensei que fosse fase, mas não está passando. Eu sinto muita tensão no pescoço e isso desce para as costas. É uma dor meio apertada, como se tivesse uma faixa na cabeça. Eu só queria uma orientação do que fazer."
alteracao_do_aparelho_respiratorio|aperto_no_peito,"Então, eu fico insegura se é algo sério. Dá uma sensação de opressão no peito que me assusta um pouco. Em alguns momentos eu sinto falta de ar e fico ansiosa junto. Doutora, eu queria entender se isso é normal ou se eu deveria investigar."
alteracao_do_aparelho_respiratorio|fadiga_persistente|sintoma_hormonal,"Olha, eu vim mais pra checar e não deixar acumular. Tenho tido tosse seca que vai e volta. Eu fico insegura se é algo sério."
dor_de_cabeca_frequente|dor_muscular|fadiga_persistente,"Nas últimas semanas doutora, eu queria entender se isso é normal ou se eu deveria investigar. Eu acordo cansada todo dia, mesmo quando durmo. Eu tenho dor de cabeça várias vezes na semana, tipo uma pressão na testa. Eu não sei se é estresse, mas tem me incomodado bastante."
alteracao_do_aparelho_digestivo|sintoma_hormonal,"Nas últimas semanas eu tento levar, mas tem dias que pesa. Tenho sensação de 'desbalanço' hormonal, difícil explicar. Sinto estufamento, gases e desconforto no estômago. Eu não queria exagerar, mas achei melhor comentar."
alteracao_do_aparelho_cardiovascular|alteracao_do_aparelho_respiratorio|aperto_no_peito,"De forma objetiva, eu estou ficando preocupada porque está mais frequente. Já aconteceu de eu sentir o coração irregular por alguns segundos. Quando deito, às vezes sinto que a respiração fica mais difícil. Eu sinto um aperto no peito de vez em quando, como uma pressão. Eu estou ficando preocupada porque está mais frequente."
alteracao_do_aparelho_digestivo|alteracao_do_aparelho_reprodutor|dor_de_cabeca_frequente|fadiga_persistente|sintoma_hormonal,"Tenho notado que eu não sei se é estresse, mas tem me incomodado bastante. Senti dor pélvica e o ciclo desregulou nas últimas semanas. Tenho oscilação de sintomas junto do meu ciclo, então penso em hormônio. É uma dor meio apertada, como se tivesse uma faixa na cabeça. Eu pensei que fosse fase, mas não está passando."
alteracao_do_aparelho_cardiovascular|aperto_no_peito|dor_de_cabeca_frequente|dor_muscular|fadiga_persistente,"De forma objetiva, doutora, eu queria entender se isso é normal ou se eu deveria investigar. Eu sinto um peso no peito, não é dor forte, mas incomoda. Eu sinto o coração disparar, mesmo parada. Eu tenho dor de cabeça várias vezes na semana, tipo uma pressão na testa. Eu tenho exaustão diária e isso atrapalha minha rotina. Eu vim mais pra checar e não deixar acumular."
alteracao_do_aparelho_digestivo|dor_de_cabeca_frequente|sintoma_hormonal,"De forma objetiva, eu não queria exagerar, mas achei melhor comentar. Tenho refluxo e queimação depois de comer. Doutora, eu queria entender se isso é normal ou se eu deveria investigar."
alteracao_do_aparelho_digestivo|fadiga_persistente|sintoma_hormonal,"Nas últimas semanas eu percebi isso mais nas últimas semanas. Tenho sensação de 'desbalanço' hormonal, difícil explicar. Meu apetite mudou, tem dia que eu esqueço de comer. Eu acordo cansada todo dia, mesmo quando durmo. Eu tento levar, mas tem dias que pesa."
alteracao_do_aparelho_digestivo|fadiga_persistente|sintoma_hormonal,"Observei que eu só queria uma orientação do que fazer. Tenho oscilação de sintomas junto do meu ciclo, então penso em hormônio. Eu acordo cansada todo dia, mesmo quando durmo. Eu não queria exagerar, mas achei melhor comentar."
aperto_no_peito|dor_de_cabeca_frequente,"Olha, eu não queria exagerar, mas achei melhor comentar. Às vezes parece que meu peito fecha e eu preciso respirar fundo. É uma dor meio apertada, como se tivesse uma faixa na cabeça."
alteracao_do_aparelho_digestivo|fadiga_persistente|sintoma_hormonal,"Nas últimas semanas eu não queria exagerar, mas achei melhor comentar. É um cansaço que não melhora com descanso. Tenho sensação de 'desbalanço' hormonal, difícil explicar. Eu fico insegura se é algo sério."
dor_de_cabeca_frequente|dor_muscular|sintoma_hormonal,"Olha, eu só queria uma orientação do que fazer. Eu acordo com a cabeça pesada e isso vai e volta durante o dia. Meus ombros ficam doloridos e eu acordo rígida. Tenho oscilação de sintomas junto do meu ciclo, então penso em hormônio. Eu percebi isso mais nas últimas semanas."
alteracao_do_aparelho_digestivo|fadiga_persistente|sintoma_hormonal,"Percebi um padrão: eu não queria exagerar, mas achei melhor comentar. Meu humor e meu corpo mudam juntos perto do ciclo, parece hormonal. Eu fico com o estômago embrulhado quando estou preocupada. É um cansaço que não melhora com descanso. Eu vim mais pra checar e não deixar acumular."
isolamento_social|risco_violencia_domestica|sintoma_hormonal,"Olha, eu percebi isso mais nas últimas semanas. Meu corpo parece diferente perto do ciclo, como se os hormônios mudassem tudo. Eu cansei de socializar, tenho recusado convites e fico mais em casa. Às vezes eu fico tensa só de pensar em falar como eu estou me sentindo em casa. Doutora, eu queria entender se isso é normal ou se eu deveria investigar."
aperto_no_peito|fadiga_persistente|isolamento_social|risco_violencia_domestica|sintoma_hormonal,"Tipo, eu percebi isso mais nas últimas semanas. Eu sinto um peso no peito, não é dor forte, mas incomoda. Eu tenho medo de que qualquer coisa vire briga, então eu me calo. Eu tenho fadiga que dura semanas, sem melhora. Eu não tenho muita vontade de ver gente, nem família. Parece que meu corpo está desregulado, eu atribuo a hormônios. Eu percebi isso mais nas últimas semanas."
alteracao_do_aparelho_cardiovascular|alteracao_do_aparelho_respiratorio|aperto_no_peito,"Observei que eu estou ficando preocupada porque está mais frequente. Eu sinto um aperto no peito de vez em quando, como uma pressão. Quando deito, às vezes sinto que a respiração fica mais difícil. Tenho episódios de batimento acelerado quando eu paro pra descansar. Eu fico insegura se é algo sério."
dor_de_cabeca_frequente|isolamento_social|risco_violencia_domestica,"Então, doutora, eu queria entender se isso é normal ou se eu deveria investigar. Tem dias que é enxaqueca, fica latejando e me derruba. Eu acabo evitando conversa em casa porque sinto que pode virar cobrança. Eu ando evitando sair e encontrar pessoas, até amigas próximas. Eu fico insegura se é algo sério."
dor_de_cabeca_frequente|fadiga_persistente,"De forma objetiva, eu tento levar, mas tem dias que pesa. No fim da tarde minha cabeça pesa e a dor fica chata e constante. Eu fico insegura se é algo sério."
alteracao_do_aparelho_reprodutor|dor_de_cabeca_frequente|sintoma_hormonal,"Ah doutora, eu pensei que fosse fase, mas não está passando. Meu ciclo encurtou e eu tive cólica forte. Minha cabeça dói com frequência e às vezes dá náusea junto. Meu humor e meu corpo mudam juntos perto do ciclo, parece hormonal. Eu percebi isso mais nas últimas semanas."
alteracao_do_aparelho_reprodutor|alteracao_do_aparelho_respiratorio|sintoma_hormonal,"Ah doutora, eu só queria uma orientação do que fazer. Minha menstruação veio diferente, com manchas e dor. Eu só queria uma orientação do que fazer."
dor_muscular|fadiga_persistente,"Observei que eu estou ficando preocupada porque está mais frequente. Eu fico com dor no ombro e no pescoço, parece que tudo trava. Eu me sinto exausta desde cedo e vou piorando ao longo do dia. Eu não sei se é estresse, mas tem me incomodado bastante."
alteracao_do_aparelho_cardiovascular|alteracao_do_aparelho_respiratorio|isolamento_social,"Sei lá, eu percebi isso mais nas últimas semanas. Eu ando evitando sair e encontrar pessoas, até amigas próximas. Eu sinto o coração disparar, mesmo parada. Eu fico ofegante com esforço leve, o que não era comum pra mim. Eu vim mais pra checar e não deixar acumular."
alteracao_do_aparelho_respiratorio|aperto_no_peito|dor_de_cabeca_frequente,"Olha, eu tento levar, mas tem dias que pesa. Às vezes parece que meu peito fecha e eu preciso respirar fundo. Tenho sensação de garganta irritada e peito 'pesado' pra respirar. Quando estou mais cansada, a dor aparece e demora pra ir embora."
alteracao_do_aparelho_cardiovascular|dor_de_cabeca_frequente|sintoma_hormonal,"Tenho notado que eu não queria exagerar, mas achei melhor comentar. Tenho episódios de batimento acelerado quando eu paro pra descansar. Quando estou mais cansada, a dor aparece e demora pra ir embora. Eu não queria exagerar, mas achei melhor comentar."
alteracao_do_aparelho_respiratorio|aperto_no_peito,"Nas últimas semanas eu percebi isso mais nas últimas semanas. Dá uma sensação de opressão no peito que me assusta um pouco. Eu fico ofegante com esforço leve, o que não era comum pra mim. Eu só queria uma orientação do que fazer."
dor_de_cabeca_frequente|fadiga_persistente,"Olha, eu tento levar, mas tem dias que pesa. Eu tenho exaustão diária e isso atrapalha minha rotina. Doutora, eu queria entender se isso é normal ou se eu deveria investigar."
alteracao_do_aparelho_digestivo|isolamento_social,"Olha, eu percebi isso mais nas últimas semanas. Eu tenho sentido enjoo e azia com frequência."
alteracao_do_aparelho_digestivo|fadiga_persistente|sintoma_hormonal,"Olha, eu só queria uma orientação do que fazer. É um cansaço que não melhora com descanso. Isso aparece em fases específicas, então eu suspeito de hormônio. Eu tenho sentido enjoo e azia com frequência. Eu não queria exagerar, mas achei melhor comentar."
alteracao_do_aparelho_digestivo|dor_de_cabeca_frequente|sintoma_hormonal,"Percebi um padrão: eu tento levar, mas tem dias que pesa. Meu intestino está desregulado, alterna entre preso e solto. Eu tenho tomado remédio pra dor de cabeça mais do que eu gostaria. Tenho oscilação de sintomas junto do meu ciclo, então penso em hormônio. Eu estou ficando preocupada porque está mais frequente."
alteracao_do_aparelho_digestivo|fadiga_persistente|isolamento_social,"Tenho notado que eu percebi isso mais nas últimas semanas. Eu fico muito cansada, com corpo pesado, todo dia. Tenho diarreia em alguns dias e fico fraca depois. Eu cansei de socializar, tenho recusado convites e fico mais em casa. Eu fico insegura se é algo sério."
alteracao_do_aparelho_respiratorio|aperto_no_peito|dor_de_cabeca_frequente|dor_muscular,"Tipo, eu estou ficando preocupada porque está mais frequente. É uma dor meio apertada, como se tivesse uma faixa na cabeça. Em alguns momentos eu sinto falta de ar e fico ansiosa junto. Quando fico nervosa, o peito aperta e demora a passar. Eu sinto dor no corpo, como se eu tivesse carregado peso. Eu pensei que fosse fase, mas não está passando."
alteracao_do_aparelho_digestivo|alteracao_do_aparelho_respiratorio|isolamento_social,"Então, eu pensei que fosse fase, mas não está passando. Parece que eu não consigo encher o pulmão direito em alguns momentos. Tenho refluxo e queimação depois de comer. Eu fico mais confortável sozinha ultimamente."
alteracao_do_aparelho_cardiovascular|alteracao_do_aparelho_digestivo|alteracao_do_aparelho_respiratorio|dor_de_cabeca_frequente,"Olha, eu não sei se é estresse, mas tem me incomodado bastante. Meu coração acelera do nada e eu sinto palpitação. Eu fico com o estômago embrulhado quando estou preocupada. Tenho tido tosse seca que vai e volta. Eu tenho tomado remédio pra dor de cabeça mais do que eu gostaria. Eu vim mais pra checar e não deixar acumular."
alteracao_do_aparelho_respiratorio|aperto_no_peito|dor_muscular,"Olha, eu não sei se é estresse, mas tem me incomodado bastante. Minha musculatura fica dolorida e às vezes eu tenho câimbra. Eu tenho essa sensação de aperto no peito, principalmente no fim do dia. Eu não queria exagerar, mas achei melhor comentar."
alteracao_do_aparelho_reprodutor|dor_de_cabeca_frequente|fadiga_persistente|sintoma_hormonal,"Ah doutora, eu não sei se é estresse, mas tem me incomodado bastante. Senti dor pélvica e o ciclo desregulou nas últimas semanas. Eu me sinto exausta desde cedo e vou piorando ao longo do dia. Eu tenho dor de cabeça várias vezes na semana, tipo uma pressão na testa. Meu humor e meu corpo mudam juntos perto do ciclo, parece hormonal. Eu só queria uma orientação do que fazer."
alteracao_do_aparelho_cardiovascular|alteracao_do_aparelho_digestivo|alteracao_do_aparelho_reprodutor|dor_de_cabeca_frequente|fadiga_persistente,"Tenho notado que eu vim mais pra checar e não deixar acumular. Às vezes parece que meu coração está batendo forte demais. Eu tenho tomado remédio pra dor de cabeça mais do que eu gostaria. Tenho sangramento irregular e cólicas que não eram assim antes. Tenho diarreia em alguns dias e fico fraca depois. Eu sinto que estou sempre no limite, sem bateria."
alteracao_do_aparelho_digestivo|fadiga_persistente|isolamento_social,"De forma objetiva, doutora, eu queria entender se isso é normal ou se eu deveria investigar. Eu fico com o estômago embrulhado quando estou preocupada. Eu me sinto exausta desde cedo e vou piorando ao longo do dia. Eu não quero conversar com ninguém na maior parte dos dias. Eu percebi isso mais nas últimas semanas."
alteracao_do_aparelho_reprodutor|dor_de_cabeca_frequente|fadiga_persistente,"Tipo, eu não sei se é estresse, mas tem me incomodado bastante. Eu acordo cansada todo dia, mesmo quando durmo. Eu sinto uma dor de cabeça quase diária, principalmente quando estou tensa. Eu percebi isso mais nas últimas semanas."
dor_de_cabeca_frequente|fadiga_persistente,"Tipo, doutora, eu queria entender se isso é normal ou se eu deveria investigar. Eu acordo cansada todo dia, mesmo quando durmo. Eu tenho dor de cabeça várias vezes na semana, tipo uma pressão na testa. Eu não queria exagerar, mas achei melhor comentar."
dor_de_cabeca_frequente|dor_muscular|fadiga_persistente,"Percebi um padrão: eu estou ficando preocupada porque está mais frequente. Eu me sinto exausta desde cedo e vou piorando ao longo do dia. Meu pescoço e ombros ficam travados, como tensão acumulada. Eu sinto uma dor de cabeça quase diária, principalmente quando estou tensa. Eu percebi isso mais nas últimas semanas."
alteracao_do_aparelho_digestivo|alteracao_do_aparelho_respiratorio|aperto_no_peito|isolamento_social,"Observei que eu estou ficando preocupada porque está mais frequente. Quando fico nervosa, o peito aperta e demora a passar. Ando com constipação e desconforto abdominal. Eu fico ofegante com esforço leve, o que não era comum pra mim. Eu não queria exagerar, mas achei melhor comentar."
alteracao_do_aparelho_respiratorio|aperto_no_peito,"Nas últimas semanas eu fico insegura se é algo sério. Em alguns momentos meu peito aperta e eu fico mais tensa. Minha respiração fica curta e eu preciso parar e respirar fundo. Eu tento levar, mas tem dias que pesa."
alteracao_do_aparelho_digestivo|alteracao_do_aparelho_reprodutor|fadiga_persistente|sintoma_hormonal,"Olha, eu pensei que fosse fase, mas não está passando. Meu ciclo encurtou e eu tive cólica forte. Eu tenho sentido enjoo e azia com frequência. Parece que meu corpo está desregulado, eu atribuo a hormônios. Eu fico muito cansada, com corpo pesado, todo dia. Eu estou ficando preocupada porque está mais frequente."
alteracao_do_aparelho_cardiovascular|alteracao_do_aparelho_respiratorio,"De forma objetiva, eu só queria uma orientação do que fazer. Parece que eu não consigo encher o pulmão direito em alguns momentos. Meu coração acelera do nada e eu sinto palpitação. Eu vim mais pra checar e não deixar acumular."
dor_de_cabeca_frequente|dor_muscular|fadiga_persistente,"Ah doutora, eu pensei que fosse fase, mas não está passando. Eu me sinto exausta desde cedo e vou piorando ao longo do dia. Eu sinto uma dor de cabeça quase diária, principalmente quando estou tensa. Eu sinto dor no corpo, como se eu tivesse carregado peso. Eu não queria exagerar, mas achei melhor comentar."
alteracao_do_aparelho_respiratorio|dor_muscular|fadiga_persistente|sintoma_hormonal,"Olha, eu tento levar, mas tem dias que pesa. Meu pescoço e ombros ficam travados, como tensão acumulada. Tenho sensação de garganta irritada e peito 'pesado' pra respirar. Mesmo em dias tranquilos eu estou esgotada. Tenho ondas de calor e suor noturno de vez em quando, acho que é hormonal. Eu não sei se é estresse, mas tem me incomodado bastante."
dor_muscular|fadiga_persistente|sintoma_hormonal,"Nas últimas semanas eu tento levar, mas tem dias que pesa. Meus ombros ficam doloridos e eu acordo rígida. Eu tenho fadiga que dura semanas, sem melhora. Sinto inchaço e mudanças no corpo que eu acho que são hormonais. Eu fico insegura se é algo sério."
alteracao_do_aparelho_digestivo|dor_de_cabeca_frequente|fadiga_persistente|sintoma_hormonal,"Então, doutora, eu queria entender se isso é normal ou se eu deveria investigar. Eu tenho sentido enjoo e azia com frequência. Eu fico sem energia o tempo inteiro, como se não recuperasse. Eu tenho tomado remédio pra dor de cabeça mais do que eu gostaria. Isso aparece em fases específicas, então eu suspeito de hormônio. Doutora, eu queria entender se isso é normal ou se eu deveria investigar."
alteracao_do_aparelho_cardiovascular|fadiga_persistente,"Então, eu fico insegura se é algo sério. Sinto uma taquicardia curta e depois passa, mas assusta. Mesmo em dias tranquilos eu estou esgotada."
alteracao_do_aparelho_digestivo|dor_de_cabeca_frequente|fadiga_persistente,"Tipo, eu percebi isso mais nas últimas semanas. Meu apetite mudou, tem dia que eu esqueço de comer. A dor vem atrás dos olhos e piora com luz. É um cansaço constante, não é só sono. Eu não sei se é estresse, mas tem me incomodado bastante."
dor_muscular|fadiga_persistente|risco_violencia_domestica,"Ah doutora, eu pensei que fosse fase, mas não está passando. Mesmo em dias tranquilos eu estou esgotada."
alteracao_do_aparelho_cardiovascular|alteracao_do_aparelho_respiratorio,"Tenho notado que eu tento levar, mas tem dias que pesa. Minha respiração fica curta e eu preciso parar e respirar fundo. Eu sinto o coração disparar, mesmo parada. Eu fico insegura se é algo sério."
alteracao_do_aparelho_reprodutor|dor_de_cabeca_frequente|fadiga_persistente|isolamento_social|sintoma_hormonal,"Tipo, eu percebi isso mais nas últimas semanas. Meu ciclo ficou irregular e atrasou mais de uma vez. É um cansaço constante, não é só sono. Eu tenho dor de cabeça várias vezes na semana, tipo uma pressão na testa. Eu parei de ir em lugares que eu gostava, não tenho ânimo. Tenho sensação de 'desbalanço' hormonal, difícil explicar. Eu tento levar, mas tem dias que pesa."
alteracao_do_aparelho_respiratorio|aperto_no_peito,"Observei que eu pensei que fosse fase, mas não está passando. Parece que eu não consigo encher o pulmão direito em alguns momentos. Eu só queria uma orientação do que fazer."
alteracao_do_aparelho_respiratorio|aperto_no_peito,"Então, eu não sei se é estresse, mas tem me incomodado bastante. Eu fico ofegante com esforço leve, o que não era comum pra mim. É como se algo estivesse pressionando aqui no meio do peito. Eu pensei que fosse fase, mas não está passando."
aperto_no_peito|fadiga_persistente|isolamento_social|risco_violencia_domestica|sintoma_hormonal,"Olha, eu tento levar, mas tem dias que pesa. É um cansaço que não melhora com descanso. Eu tenho escolhido minhas palavras o tempo todo pra não criar problema. Às vezes parece que meu peito fecha e eu preciso respirar fundo. Eu ando evitando sair e encontrar pessoas, até amigas próximas. Sinto inchaço e mudanças no corpo que eu acho que são hormonais. Eu não sei se é estresse, mas tem me incomodado bastante."
dor_muscular|fadiga_persistente|isolamento_social|sintoma_hormonal,"De forma objetiva, eu pensei que fosse fase, mas não está passando. Eu tenho dado desculpa pra não sair, só pra ficar em silêncio. Minhas costas doem quase todo dia, principalmente lombar. Tenho ondas de calor e suor noturno de vez em quando, acho que é hormonal. Eu fico muito cansada, com corpo pesado, todo dia. Doutora, eu queria entender se isso é normal ou se eu deveria investigar."
alteracao_do_aparelho_reprodutor|aperto_no_peito,"De forma objetiva, eu estou ficando preocupada porque está mais frequente. Eu tive sangramento fora de hora e fiquei preocupada. O peito fica apertado e eu sinto que preciso parar o que estou fazendo."
dor_de_cabeca_frequente|dor_muscular|fadiga_persistente,"Observei que eu só queria uma orientação do que fazer. Eu acordo cansada todo dia, mesmo quando durmo. É uma dor meio apertada, como se tivesse uma faixa na cabeça. Meu corpo fica pesado e com dores, tipo 'quebrada'. Eu percebi isso mais nas últimas semanas."
alteracao_do_aparelho_digestivo|fadiga_persistente,"Nas últimas semanas eu pensei que fosse fase, mas não está passando. Eu tenho exaustão diária e isso atrapalha minha rotina. Tenho dor no estômago e náusea principalmente à noite. Eu não queria exagerar, mas achei melhor comentar."
alteracao_do_aparelho_digestivo|fadiga_persistente,"Ah doutora, eu só queria uma orientação do que fazer. Tenho dor no estômago e náusea principalmente à noite. Eu tenho fadiga que dura semanas, sem melhora. Eu pensei que fosse fase, mas não está passando."
alteracao_do_aparelho_digestivo|dor_de_cabeca_frequente|fadiga_persistente,"Percebi um padrão: eu não sei se é estresse, mas tem me incomodado bastante. Tenho diarreia em alguns dias e fico fraca depois. No fim da tarde minha cabeça pesa e a dor fica chata e constante. Eu percebi isso mais nas últimas semanas."
alteracao_do_aparelho_respiratorio|dor_muscular,"Observei que eu não sei se é estresse, mas tem me incomodado bastante. Sinto um chiado leve ao respirar, principalmente à noite. Eu tenho dor muscular nas pernas e nas costas sem motivo claro."
fadiga_persistente|sintoma_hormonal,"De forma objetiva, eu não queria exagerar, mas achei melhor comentar. Eu fico muito cansada, com corpo pesado, todo dia. Eu pensei que fosse fase, mas não está passando."
alteracao_do_aparelho_cardiovascular|aperto_no_peito|sintoma_hormonal,"Sei lá, doutora, eu queria entender se isso é normal ou se eu deveria investigar. Eu fico com o peito apertado e dá vontade de suspirar o tempo todo. Parece que meu corpo está desregulado, eu atribuo a hormônios. Eu fico com o coração acelerado e mãos frias. Eu percebi isso mais nas últimas semanas."
dor_muscular|fadiga_persistente|sintoma_hormonal,"Olha, eu fico insegura se é algo sério. Eu sinto que estou sempre no limite, sem bateria. Minhas costas doem quase todo dia, principalmente lombar. Eu fico insegura se é algo sério."
alteracao_do_aparelho_cardiovascular|aperto_no_peito,Percebi um padrão: eu vim mais pra checar e não deixar acumular. Eu fico com o peito apertado e dá vontade de suspirar o tempo todo. Às vezes parece que meu coração está batendo forte demais. Eu fico insegura se é algo sério.
alteracao_do_aparelho_reprodutor|fadiga_persistente|sintoma_hormonal,"Observei que eu pensei que fosse fase, mas não está passando. Tenho ondas de calor e suor noturno de vez em quando, acho que é hormonal. Mesmo em dias tranquilos eu estou esgotada. Tenho desconforto pélvico e sensação de inchaço abdominal baixo. Eu fico insegura se é algo sério."
alteracao_do_aparelho_cardiovascular|aperto_no_peito,"Tenho notado que eu só queria uma orientação do que fazer. Eu sinto o coração disparar, mesmo parada. Dá uma sensação de opressão no peito que me assusta um pouco."
dor_de_cabeca_frequente|fadiga_persistente,"Percebi um padrão: eu estou ficando preocupada porque está mais frequente. Quando estou mais cansada, a dor aparece e demora pra ir embora. Eu acordo cansada todo dia, mesmo quando durmo. Doutora, eu queria entender se isso é normal ou se eu deveria investigar."
dor_de_cabeca_frequente|isolamento_social|risco_violencia_domestica,"Ah doutora, eu tento levar, mas tem dias que pesa. É uma dor meio apertada, como se tivesse uma faixa na cabeça. Eu não gosto muito de entrar em detalhes, mas eu fico mais em alerta em casa."
alteracao_do_aparelho_cardiovascular|alteracao_do_aparelho_respiratorio|aperto_no_peito|dor_de_cabeca_frequente,"Observei que eu não queria exagerar, mas achei melhor comentar. Eu sinto falta de ar às vezes, como se a respiração ficasse curta. Tenho sentido tontura e batimentos rápidos em alguns momentos. Eu acordo com a cabeça pesada e isso vai e volta durante o dia. Dá uma sensação de opressão no peito que me assusta um pouco. Eu vim mais pra checar e não deixar acumular."
alteracao_do_aparelho_digestivo|isolamento_social,"De forma objetiva, eu não queria exagerar, mas achei melhor comentar. Tenho dor no estômago e náusea principalmente à noite. Eu fico mais confortável sozinha ultimamente."
alteracao_do_aparelho_cardiovascular|alteracao_do_aparelho_respiratorio|aperto_no_peito|dor_de_cabeca_frequente,"Então, eu só queria uma orientação do que fazer. No fim da tarde minha cabeça pesa e a dor fica chata e constante. Eu sinto o coração disparar, mesmo parada. Eu acordo com a garganta seca e uma tosse que incomoda. Eu fico com o peito apertado e dá vontade de suspirar o tempo todo. Eu só queria uma orientação do que fazer."
alteracao_do_aparelho_digestivo|alteracao_do_aparelho_reprodutor|dor_de_cabeca_frequente|dor_muscular|fadiga_persistente,"Tipo, eu vim mais pra checar e não deixar acumular. Senti dor pélvica e o ciclo desregulou nas últimas semanas. Minhas costas doem quase todo dia, principalmente lombar. Quando estou mais cansada, a dor aparece e demora pra ir embora. Meu apetite mudou, tem dia que eu esqueço de comer. Eu não sei se é estresse, mas tem me incomodado bastante."
dor_muscular|fadiga_persistente,"Então, eu só queria uma orientação do que fazer. Minhas costas doem quase todo dia, principalmente lombar. É um cansaço constante, não é só sono. Eu não sei se é estresse, mas tem me incomodado bastante."
alteracao_do_aparelho_reprodutor|alteracao_do_aparelho_respiratorio,"Então, eu estou ficando preocupada porque está mais frequente. Sinto dor na parte baixa da barriga em alguns dias do mês. Eu acordo com a garganta seca e uma tosse que incomoda. Eu pensei que fosse fase, mas não está passando."
alteracao_do_aparelho_reprodutor|dor_muscular,"Tenho notado que eu fico insegura se é algo sério. As costas e o pescoço doem, principalmente depois de um dia longo. Doutora, eu queria entender se isso é normal ou se eu deveria investigar."
alteracao_do_aparelho_digestivo|alteracao_do_aparelho_respiratorio|fadiga_persistente|isolamento_social,"Tenho notado que eu vim mais pra checar e não deixar acumular. Eu acordo com a garganta seca e uma tosse que incomoda. Eu fico muito cansada, com corpo pesado, todo dia. Meu apetite mudou, tem dia que eu esqueço de comer. Eu não quero conversar com ninguém na maior parte dos dias. Eu não sei se é estresse, mas tem me incomodado bastante."
alteracao_do_aparelho_digestivo|fadiga_persistente|sintoma_hormonal,"Observei que eu não sei se é estresse, mas tem me incomodado bastante. Meu apetite mudou, tem dia que eu esqueço de comer. Eu tenho exaustão diária e isso atrapalha minha rotina. Meu corpo parece diferente perto do ciclo, como se os hormônios mudassem tudo. Eu vim mais pra checar e não deixar acumular."
dor_muscular|fadiga_persistente|isolamento_social,"Sei lá, eu vim mais pra checar e não deixar acumular. Eu não quero conversar com ninguém na maior parte dos dias. Eu sinto dor no corpo, como se eu tivesse carregado peso. Eu fico sem energia o tempo inteiro, como se não recuperasse. Eu fico insegura se é algo sério."
alteracao_do_aparelho_cardiovascular|alteracao_do_aparelho_digestivo|fadiga_persistente|isolamento_social,"Então, doutora, eu queria entender se isso é normal ou se eu deveria investigar. É um cansaço que não melhora com descanso. Às vezes parece que meu coração está batendo forte demais. Eu parei de ir em lugares que eu gostava, não tenho ânimo. Eu fico com o estômago embrulhado quando estou preocupada. Eu estou ficando preocupada porque está mais frequente."
alteracao_do_aparelho_cardiovascular|alteracao_do_aparelho_reprodutor|alteracao_do_aparelho_respiratorio|dor_de_cabeca_frequente,"Então, eu só queria uma orientação do que fazer. Notei mudança no fluxo menstrual, veio mais intenso. Quando estou mais cansada, a dor aparece e demora pra ir embora. Meu coração acelera do nada e eu sinto palpitação. Eu sinto falta de ar às vezes, como se a respiração ficasse curta. Eu vim mais pra checar e não deixar acumular."
alteracao_do_aparelho_digestivo|dor_muscular|fadiga_persistente|sintoma_hormonal,"Tipo, eu estou ficando preocupada porque está mais frequente. Tenho ondas de calor e suor noturno de vez em quando, acho que é hormonal. Eu vim mais pra checar e não deixar acumular."
alteracao_do_aparelho_respiratorio|dor_de_cabeca_frequente,"Ah doutora, eu não queria exagerar, mas achei melhor comentar. Minha respiração fica curta e eu preciso parar e respirar fundo. Tem dias que é enxaqueca, fica latejando e me derruba. Eu fico insegura se é algo sério."
alteracao_do_aparelho_reprodutor|fadiga_persistente|sintoma_hormonal,"Ah doutora, eu só queria uma orientação do que fazer. Senti dor pélvica e o ciclo desregulou nas últimas semanas. Isso aparece em fases específicas, então eu suspeito de hormônio. Eu tento levar, mas tem dias que pesa."
isolamento_social|risco_violencia_domestica,"Tipo, eu não sei se é estresse, mas tem me incomodado bastante. Eu não quero conversar com ninguém na maior parte dos dias. Eu evito comentar certas coisas porque eu não sei como a outra pessoa vai reagir."
alteracao_do_aparelho_cardiovascular|alteracao_do_aparelho_respiratorio|dor_de_cabeca_frequente|risco_violencia_domestica,"Olha, eu fico insegura se é algo sério. A dor vem atrás dos olhos e piora com luz. Em alguns momentos eu sinto falta de ar e fico ansiosa junto. Quando o clima muda em casa, eu sinto que é melhor não tocar em assunto nenhum. Eu tento levar, mas tem dias que pesa."
alteracao_do_aparelho_digestivo|dor_de_cabeca_frequente|fadiga_persistente,"De forma objetiva, eu tento levar, mas tem dias que pesa. Minha cabeça dói com frequência e às vezes dá náusea junto. Eu tenho fadiga que dura semanas, sem melhora. Tenho refluxo e queimação depois de comer. Eu pensei que fosse fase, mas não está passando."
alteracao_do_aparelho_reprodutor|dor_de_cabeca_frequente|fadiga_persistente,"Nas últimas semanas eu fico insegura se é algo sério. Eu tenho dor de cabeça várias vezes na semana, tipo uma pressão na testa. Eu tenho exaustão diária e isso atrapalha minha rotina. Tenho sangramento irregular e cólicas que não eram assim antes. Eu pensei que fosse fase, mas não está passando."
dor_muscular|fadiga_persistente,"Olha, eu não queria exagerar, mas achei melhor comentar. Eu fico muito cansada, com corpo pesado, todo dia. Minhas costas doem quase todo dia, principalmente lombar. Eu estou ficando preocupada porque está mais frequente."
dor_de_cabeca_frequente|dor_muscular|fadiga_persistente,"Tenho notado que eu fico insegura se é algo sério. Meu pescoço e ombros ficam travados, como tensão acumulada. Eu fico muito cansada, com corpo pesado, todo dia. Eu sinto uma dor de cabeça quase diária, principalmente quando estou tensa. Eu estou ficando preocupada porque está mais frequente."
alteracao_do_aparelho_cardiovascular|alteracao_do_aparelho_digestivo|alteracao_do_aparelho_reprodutor|alteracao_do_aparelho_respiratorio|aperto_no_peito,"Percebi um padrão: eu estou ficando preocupada porque está mais frequente. Sinto dor na parte baixa da barriga em alguns dias do mês. Tenho refluxo e queimação depois de comer. Já aconteceu de eu sentir o coração irregular por alguns segundos. Sinto um chiado leve ao respirar, principalmente à noite. Às vezes parece que meu peito fecha e eu preciso respirar fundo. Doutora, eu queria entender se isso é normal ou se eu deveria investigar."
dor_muscular|sintoma_hormonal,"Tipo, eu tento levar, mas tem dias que pesa. Meu corpo parece diferente perto do ciclo, como se os hormônios mudassem tudo. Eu tenho dor muscular nas pernas e nas costas sem motivo claro. Doutora, eu queria entender se isso é normal ou se eu deveria investigar."
alteracao_do_aparelho_digestivo|fadiga_persistente|sintoma_hormonal,"Tenho notado que eu fico insegura se é algo sério. Eu fico com o estômago embrulhado quando estou preocupada. É um cansaço que não melhora com descanso. Meu humor e meu corpo mudam juntos perto do ciclo, parece hormonal. Eu só queria uma orientação do que fazer."
alteracao_do_aparelho_respiratorio|aperto_no_peito,"Olha, eu tento levar, mas tem dias que pesa. Eu fico ofegante com esforço leve, o que não era comum pra mim. Eu sinto um aperto no peito de vez em quando, como uma pressão. Eu tento levar, mas tem dias que pesa."
alteracao_do_aparelho_reprodutor|alteracao_do_aparelho_respiratorio|dor_de_cabeca_frequente|fadiga_persistente|sintoma_hormonal,"Então, eu fico insegura se é algo sério. Parece que eu não consigo encher o pulmão direito em alguns momentos. Eu tenho fadiga que dura semanas, sem melhora. Notei mudança no fluxo menstrual, veio mais intenso. Eu acordo com a cabeça pesada e isso vai e volta durante o dia. Tenho oscilação de sintomas junto do meu ciclo, então penso em hormônio."
alteracao_do_aparelho_cardiovascular|alteracao_do_aparelho_digestivo|alteracao_do_aparelho_reprodutor|alteracao_do_aparelho_respiratorio|aperto_no_peito,"Então, doutora, eu queria entender se isso é normal ou se eu deveria investigar. Meu ciclo ficou irregular e atrasou mais de uma vez. É como se algo estivesse pressionando aqui no meio do peito. Tenho sentido tontura e batimentos rápidos em alguns momentos. Tenho dor no estômago e náusea principalmente à noite. Eu só queria uma orientação do que fazer."
alteracao_do_aparelho_digestivo|dor_muscular|fadiga_persistente|sintoma_hormonal,"Nas últimas semanas eu pensei que fosse fase, mas não está passando. Minhas costas doem quase todo dia, principalmente lombar. Eu tenho sentido enjoo e azia com frequência. Mesmo em dias tranquilos eu estou esgotada. Tenho oscilação de sintomas junto do meu ciclo, então penso em hormônio."
dor_de_cabeca_frequente|isolamento_social|risco_violencia_domestica,"Olha, eu estou ficando preocupada porque está mais frequente. Quando estou mais cansada, a dor aparece e demora pra ir embora. Tem horas que eu prefiro não falar nada e só deixar passar. Eu tenho me isolado, não por raiva, só por falta de energia. Doutora, eu queria entender se isso é normal ou se eu deveria investigar."
dor_de_cabeca_frequente|dor_muscular|fadiga_persistente,"De forma objetiva, eu só queria uma orientação do que fazer. Eu tenho dor de cabeça várias vezes na semana, tipo uma pressão na testa. Eu fico sem energia o tempo inteiro, como se não recuperasse. As costas e o pescoço doem, principalmente depois de um dia longo. Eu não queria exagerar, mas achei melhor comentar."
alteracao_do_aparelho_cardiovascular|alteracao_do_aparelho_respiratorio|dor_de_cabeca_frequente,"Tipo, eu tento levar, mas tem dias que pesa. Quando estou mais cansada, a dor aparece e demora pra ir embora. Parece que eu não consigo encher o pulmão direito em alguns momentos. Eu fico com o coração acelerado e mãos frias. Eu pensei que fosse fase, mas não está passando."
alteracao_do_aparelho_digestivo|alteracao_do_aparelho_reprodutor|aperto_no_peito|fadiga_persistente,"Observei que eu não sei se é estresse, mas tem me incomodado bastante. É como se algo estivesse pressionando aqui no meio do peito. Tenho refluxo e queimação depois de comer. Eu acordo cansada todo dia, mesmo quando durmo. Tenho desconforto pélvico e sensação de inchaço abdominal baixo. Eu só queria uma orientação do que fazer."
dor_de_cabeca_frequente|dor_muscular|fadiga_persistente,"Ah doutora, eu estou ficando preocupada porque está mais frequente. Eu sinto dor no corpo, como se eu tivesse carregado peso. É uma dor meio apertada, como se tivesse uma faixa na cabeça. Eu sinto que estou sempre no limite, sem bateria."
alteracao_do_aparelho_cardiovascular|alteracao_do_aparelho_respiratorio|aperto_no_peito|fadiga_persistente,"De forma objetiva, eu fico insegura se é algo sério. É como se algo estivesse pressionando aqui no meio do peito. Eu fico com o coração acelerado e mãos frias. Eu fico muito cansada, com corpo pesado, todo dia. Eu não sei se é estresse, mas tem me incomodado bastante."
dor_de_cabeca_frequente|dor_muscular|risco_violencia_domestica,"Então, eu não sei se é estresse, mas tem me incomodado bastante. A dor vem atrás dos olhos e piora com luz. Eu tenho medo de que qualquer coisa vire briga, então eu me calo. Minhas costas doem quase todo dia, principalmente lombar. Eu vim mais pra checar e não deixar acumular."
dor_muscular|isolamento_social,"Sei lá, eu estou ficando preocupada porque está mais frequente. Eu parei de ir em lugares que eu gostava, não tenho ânimo. Minhas costas doem quase todo dia, principalmente lombar. Eu percebi isso mais nas últimas semanas."
alteracao_do_aparelho_digestivo|dor_de_cabeca_frequente,"Sei lá, eu não queria exagerar, mas achei melhor comentar. A dor vem atrás dos olhos e piora com luz. Ando com constipação e desconforto abdominal. Eu estou ficando preocupada porque está mais frequente."
alteracao_do_aparelho_cardiovascular|aperto_no_peito,"Ah doutora, eu não queria exagerar, mas achei melhor comentar. Sinto uma taquicardia curta e depois passa, mas assusta. Em alguns momentos meu peito aperta e eu fico mais tensa."
alteracao_do_aparelho_digestivo|alteracao_do_aparelho_reprodutor|fadiga_persistente|isolamento_social|sintoma_hormonal,"Sei lá, eu só queria uma orientação do que fazer. Sinto dor na parte baixa da barriga em alguns dias do mês. Meu humor e meu corpo mudam juntos perto do ciclo, parece hormonal. Eu tenho me isolado, não por raiva, só por falta de energia. Mesmo em dias tranquilos eu estou esgotada. Sinto estufamento, gases e desconforto no estômago. Eu percebi isso mais nas últimas semanas."
alteracao_do_aparelho_reprodutor|sintoma_hormonal,"De forma objetiva, eu percebi isso mais nas últimas semanas. Parece que meu corpo está desregulado, eu atribuo a hormônios. Meu ciclo ficou irregular e atrasou mais de uma vez. Doutora, eu queria entender se isso é normal ou se eu deveria investigar."
dor_muscular|fadiga_persistente|sintoma_hormonal,"Olha, eu tento levar, mas tem dias que pesa. Eu tenho dor muscular nas pernas e nas costas sem motivo claro. Eu sinto que tem algo hormonal, porque isso piora em certas fases do mês. Eu me sinto exausta desde cedo e vou piorando ao longo do dia. Eu fico insegura se é algo sério."
alteracao_do_aparelho_cardiovascular|alteracao_do_aparelho_respiratorio|dor_de_cabeca_frequente|fadiga_persistente,"Tenho notado que eu pensei que fosse fase, mas não está passando. Eu sinto uma dor de cabeça quase diária, principalmente quando estou tensa. Eu acordo com a garganta seca e uma tosse que incomoda. Eu sinto o coração disparar, mesmo parada. Eu sinto que estou sempre no limite, sem bateria. Eu vim mais pra checar e não deixar acumular."
dor_de_cabeca_frequente|dor_muscular|fadiga_persistente,"Olha, eu percebi isso mais nas últimas semanas. Quando estou mais cansada, a dor aparece e demora pra ir embora. Eu tenho dor muscular nas pernas e nas costas sem motivo claro. Eu me sinto exausta desde cedo e vou piorando ao longo do dia."
aperto_no_peito|sintoma_hormonal,Nas últimas semanas eu vim mais pra checar e não deixar acumular. Eu notei queda de cabelo e mudanças que parecem hormonais. Eu fico com o peito apertado e dá vontade de suspirar o tempo todo. Eu percebi isso mais nas últimas semanas.
alteracao_do_aparelho_cardiovascular|dor_de_cabeca_frequente,"Tenho notado que eu estou ficando preocupada porque está mais frequente. Tenho sentido tontura e batimentos rápidos em alguns momentos. Eu sinto uma dor de cabeça quase diária, principalmente quando estou tensa. Eu percebi isso mais nas últimas semanas."
alteracao_do_aparelho_reprodutor|dor_de_cabeca_frequente|fadiga_persistente|sintoma_hormonal,"Tenho notado que doutora, eu queria entender se isso é normal ou se eu deveria investigar. É uma dor meio apertada, como se tivesse uma faixa na cabeça. Eu fico muito cansada, com corpo pesado, todo dia. Eu tive sangramento fora de hora e fiquei preocupada. Eu não queria exagerar, mas achei melhor comentar."
dor_muscular|fadiga_persistente,"Sei lá, eu estou ficando preocupada porque está mais frequente. É um cansaço que não melhora com descanso. Meu corpo fica pesado e com dores, tipo 'quebrada'. Eu pensei que fosse fase, mas não está passando."
alteracao_do_aparelho_cardiovascular|dor_de_cabeca_frequente|dor_muscular,"Sei lá, eu tento levar, mas tem dias que pesa. Eu tenho dor de cabeça várias vezes na semana, tipo uma pressão na testa. Eu sinto o coração disparar, mesmo parada. Meu pescoço e ombros ficam travados, como tensão acumulada. Eu tento levar, mas tem dias que pesa."
dor_de_cabeca_frequente|risco_violencia_domestica,"Tipo, eu fico insegura se é algo sério. Eu tenho escolhido minhas palavras o tempo todo pra não criar problema. Eu tenho tomado remédio pra dor de cabeça mais do que eu gostaria. Eu tento levar, mas tem dias que pesa."
alteracao_do_aparelho_cardiovascular|dor_de_cabeca_frequente|risco_violencia_domestica,"Olha, eu estou ficando preocupada porque está mais frequente. Eu me sinto meio na ponta dos pés dentro de casa, tentando não irritar ninguém. Tem dias que é enxaqueca, fica latejando e me derruba. Eu sinto um 'tranco' no coração e fico preocupada. Eu não sei se é estresse, mas tem me incomodado bastante."
isolamento_social|risco_violencia_domestica,"Sei lá, eu pensei que fosse fase, mas não está passando. Eu cansei de socializar, tenho recusado convites e fico mais em casa. Eu evito comentar certas coisas porque eu não sei como a outra pessoa vai reagir. Eu pensei que fosse fase, mas não está passando."
alteracao_do_aparelho_reprodutor|risco_violencia_domestica|sintoma_hormonal,"Então, doutora, eu queria entender se isso é normal ou se eu deveria investigar. Tenho ondas de calor e suor noturno de vez em quando, acho que é hormonal. Tenho cólicas mais fortes do que o normal e dor pélvica. Quando o clima muda em casa, eu sinto que é melhor não tocar em assunto nenhum. Eu tento levar, mas tem dias que pesa."
alteracao_do_aparelho_digestivo|fadiga_persistente|isolamento_social|sintoma_hormonal,"De forma objetiva, doutora, eu queria entender se isso é normal ou se eu deveria investigar. Mesmo em dias tranquilos eu estou esgotada. Tenho respondido menos mensagens e preferido ficar no meu canto. Sinto barriga inchada e uma sensação de digestão lenta. Isso aparece em fases específicas, então eu suspeito de hormônio."
dor_de_cabeca_frequente|fadiga_persistente|risco_violencia_domestica,"Sei lá, eu estou ficando preocupada porque está mais frequente. Eu tenho exaustão diária e isso atrapalha minha rotina. A dor vem atrás dos olhos e piora com luz. Eu não gosto muito de entrar em detalhes, mas eu fico mais em alerta em casa."
alteracao_do_aparelho_digestivo|alteracao_do_aparelho_reprodutor|dor_de_cabeca_frequente|fadiga_persistente|sintoma_hormonal,"Olha, eu estou ficando preocupada porque está mais frequente. Minha cabeça dói com frequência e às vezes dá náusea junto. Tenho desconforto pélvico e sensação de inchaço abdominal baixo. Meu corpo parece diferente perto do ciclo, como se os hormônios mudassem tudo. Sinto barriga inchada e uma sensação de digestão lenta. Eu fico sem energia o tempo inteiro, como se não recuperasse. Eu não sei se é estresse, mas tem me incomodado bastante."
dor_de_cabeca_frequente|dor_muscular,"Tenho notado que eu vim mais pra checar e não deixar acumular. Eu tenho dor muscular nas pernas e nas costas sem motivo claro. Eu não sei se é estresse, mas tem me incomodado bastante."
alteracao_do_aparelho_cardiovascular|alteracao_do_aparelho_respiratorio|dor_de_cabeca_frequente,"Observei que eu não queria exagerar, mas achei melhor comentar. Às vezes parece que meu coração está batendo forte demais. Eu acordo com a garganta seca e uma tosse que incomoda. Quando estou mais cansada, a dor aparece e demora pra ir embora. Eu pensei que fosse fase, mas não está passando."
alteracao_do_aparelho_digestivo|risco_violencia_domestica,"Olha, eu não queria exagerar, mas achei melhor comentar. Tenho dor no estômago e náusea principalmente à noite. Eu pensei que fosse fase, mas não está passando."
fadiga_persistente|sintoma_hormonal,"Ah doutora, eu pensei que fosse fase, mas não está passando. Parece que meu corpo está desregulado, eu atribuo a hormônios. Eu fico muito cansada, com corpo pesado, todo dia. Eu fico insegura se é algo sério."
alteracao_do_aparelho_respiratorio|sintoma_hormonal,"Ah doutora, eu vim mais pra checar e não deixar acumular. Meu corpo parece diferente perto do ciclo, como se os hormônios mudassem tudo. Eu acordo com a garganta seca e uma tosse que incomoda. Eu não sei se é estresse, mas tem me incomodado bastante."
alteracao_do_aparelho_cardiovascular|alteracao_do_aparelho_reprodutor|dor_de_cabeca_frequente|sintoma_hormonal,"Então, eu não queria exagerar, mas achei melhor comentar. Às vezes parece que meu coração está batendo forte demais. Parece que meu corpo está desregulado, eu atribuo a hormônios. A dor vem atrás dos olhos e piora com luz. Minha menstruação veio diferente, com manchas e dor. Eu não queria exagerar, mas achei melhor comentar."
alteracao_do_aparelho_reprodutor|fadiga_persistente|sintoma_hormonal,"Tipo, eu estou ficando preocupada porque está mais frequente. Meu humor e meu corpo mudam juntos perto do ciclo, parece hormonal. Eu acordo cansada todo dia, mesmo quando durmo. Tenho cólicas mais fortes do que o normal e dor pélvica. Eu vim mais pra checar e não deixar acumular."
alteracao_do_aparelho_cardiovascular|alteracao_do_aparelho_respiratorio|aperto_no_peito,Observei que eu vim mais pra checar e não deixar acumular. Tenho tido tosse seca que vai e volta. Às vezes parece que meu coração está batendo forte demais. Eu estou ficando preocupada porque está mais frequente.
alteracao_do_aparelho_digestivo|dor_muscular|fadiga_persistente,"Observei que eu vim mais pra checar e não deixar acumular. Meu corpo fica pesado e com dores, tipo 'quebrada'. Sinto estufamento, gases e desconforto no estômago. É um cansaço que não melhora com descanso. Eu não queria exagerar, mas achei melhor comentar."
dor_de_cabeca_frequente|sintoma_hormonal,"De forma objetiva, eu vim mais pra checar e não deixar acumular. No fim da tarde minha cabeça pesa e a dor fica chata e constante. Tenho oscilação de sintomas junto do meu ciclo, então penso em hormônio. Eu não queria exagerar, mas achei melhor comentar."
alteracao_do_aparelho_cardiovascular|alteracao_do_aparelho_respiratorio|aperto_no_peito|dor_de_cabeca_frequente,Nas últimas semanas eu percebi isso mais nas últimas semanas. Tenho tido tosse seca que vai e volta. Às vezes parece que meu peito fecha e eu preciso respirar fundo. Eu vim mais pra checar e não deixar acumular.
aperto_no_peito|isolamento_social|sintoma_hormonal,"Então, eu percebi isso mais nas últimas semanas. Eu parei de ir em lugares que eu gostava, não tenho ânimo. Meu corpo parece diferente perto do ciclo, como se os hormônios mudassem tudo. Dá uma sensação de opressão no peito que me assusta um pouco. Eu só queria uma orientação do que fazer."
alteracao_do_aparelho_digestivo|alteracao_do_aparelho_reprodutor|dor_de_cabeca_frequente|dor_muscular|fadiga_persistente|sintoma_hormonal,"De forma objetiva, eu vim mais pra checar e não deixar acumular. Eu fico com dor no ombro e no pescoço, parece que tudo trava. Eu notei queda de cabelo e mudanças que parecem hormonais. A dor vem atrás dos olhos e piora com luz. Tenho diarreia em alguns dias e fico fraca depois. Eu fico sem energia o tempo inteiro, como se não recuperasse. Tenho desconforto pélvico e sensação de inchaço abdominal baixo. Eu pensei que fosse fase, mas não está passando."
alteracao_do_aparelho_digestivo|alteracao_do_aparelho_reprodutor|sintoma_hormonal,"Tenho notado que eu não queria exagerar, mas achei melhor comentar. Tenho diarreia em alguns dias e fico fraca depois. Tenho ondas de calor e suor noturno de vez em quando, acho que é hormonal. Minha menstruação veio diferente, com manchas e dor. Eu não queria exagerar, mas achei melhor comentar."
alteracao_do_aparelho_cardiovascular|alteracao_do_aparelho_respiratorio|aperto_no_peito|dor_de_cabeca_frequente|risco_violencia_domestica,"Então, eu só queria uma orientação do que fazer. Quando fico nervosa, o peito aperta e demora a passar. Eu sinto um 'tranco' no coração e fico preocupada. A dor vem atrás dos olhos e piora com luz. Eu estou ficando preocupada porque está mais frequente."
alteracao_do_aparelho_cardiovascular|isolamento_social,"Tipo, eu só queria uma orientação do que fazer. Tenho sentido tontura e batimentos rápidos em alguns momentos. Eu não sei se é estresse, mas tem me incomodado bastante."
dor_muscular|sintoma_hormonal,"Sei lá, doutora, eu queria entender se isso é normal ou se eu deveria investigar. Tenho ondas de calor e suor noturno de vez em quando, acho que é hormonal. Eu tenho dor muscular nas pernas e nas costas sem motivo claro. Doutora, eu queria entender se isso é normal ou se eu deveria investigar."
alteracao_do_aparelho_cardiovascular|alteracao_do_aparelho_digestivo|alteracao_do_aparelho_respiratorio|dor_de_cabeca_frequente|fadiga_persistente|sintoma_hormonal,"Olha, eu percebi isso mais nas últimas semanas. Meu humor e meu corpo mudam juntos perto do ciclo, parece hormonal. Tenho tido tosse seca que vai e volta. Eu fico com o estômago embrulhado quando estou preocupada. É uma dor meio apertada, como se tivesse uma faixa na cabeça. Às vezes parece que meu coração está batendo forte demais. Eu me sinto exausta desde cedo e vou piorando ao longo do dia. Eu percebi isso mais nas últimas semanas."
dor_de_cabeca_frequente|dor_muscular|fadiga_persistente,"Tenho notado que eu só queria uma orientação do que fazer. É uma dor meio apertada, como se tivesse uma faixa na cabeça. Meus ombros ficam doloridos e eu acordo rígida. Eu fico sem energia o tempo inteiro, como se não recuperasse."
alteracao_do_aparelho_reprodutor|dor_de_cabeca_frequente|fadiga_persistente|sintoma_hormonal,"Tipo, eu fico insegura se é algo sério. Tenho sensação de 'desbalanço' hormonal, difícil explicar. Eu tive sangramento fora de hora e fiquei preocupada. Mesmo em dias tranquilos eu estou esgotada. Doutora, eu queria entender se isso é normal ou se eu deveria investigar."
alteracao_do_aparelho_cardiovascular|dor_de_cabeca_frequente,"Percebi um padrão: eu não queria exagerar, mas achei melhor comentar. Eu tenho dor de cabeça várias vezes na semana, tipo uma pressão na testa. Já aconteceu de eu sentir o coração irregular por alguns segundos. Eu só queria uma orientação do que fazer."
isolamento_social|sintoma_hormonal,"Tenho notado que eu tento levar, mas tem dias que pesa. Eu não tenho muita vontade de ver gente, nem família. Eu não queria exagerar, mas achei melhor comentar."
alteracao_do_aparelho_respiratorio|fadiga_persistente,"Tipo, eu pensei que fosse fase, mas não está passando. É um cansaço constante, não é só sono. Em alguns momentos eu sinto falta de ar e fico ansiosa junto. Eu tento levar, mas tem dias que pesa."
alteracao_do_aparelho_digestivo|alteracao_do_aparelho_reprodutor|fadiga_persistente|sintoma_hormonal,"Nas últimas semanas eu estou ficando preocupada porque está mais frequente. Sinto estufamento, gases e desconforto no estômago. Eu sinto que estou sempre no limite, sem bateria. Tenho desconforto pélvico e sensação de inchaço abdominal baixo. Isso aparece em fases específicas, então eu suspeito de hormônio."
alteracao_do_aparelho_digestivo|fadiga_persistente,"Sei lá, eu percebi isso mais nas últimas semanas. Mesmo em dias tranquilos eu estou esgotada. Eu tenho sentido enjoo e azia com frequência. Eu não sei se é estresse, mas tem me incomodado bastante."
dor_de_cabeca_frequente|dor_muscular|fadiga_persistente,"Então, eu não sei se é estresse, mas tem me incomodado bastante. Eu acordo cansada todo dia, mesmo quando durmo. As costas e o pescoço doem, principalmente depois de um dia longo. A dor vem atrás dos olhos e piora com luz. Eu fico insegura se é algo sério."
dor_muscular|fadiga_persistente,"Então, eu tento levar, mas tem dias que pesa. Eu tenho fadiga que dura semanas, sem melhora. As costas e o pescoço doem, principalmente depois de um dia longo. Eu percebi isso mais nas últimas semanas."
dor_de_cabeca_frequente|risco_violencia_domestica,"Olha, eu percebi isso mais nas últimas semanas. No fim da tarde minha cabeça pesa e a dor fica chata e constante. Eu vim mais pra checar e não deixar acumular."
alteracao_do_aparelho_digestivo|fadiga_persistente|sintoma_hormonal,"Observei que eu não sei se é estresse, mas tem me incomodado bastante. Eu tenho sentido enjoo e azia com frequência. É um cansaço constante, não é só sono."
fadiga_persistente|isolamento_social,"Então, eu não queria exagerar, mas achei melhor comentar. Eu ando evitando sair e encontrar pessoas, até amigas próximas. Mesmo em dias tranquilos eu estou esgotada. Eu não queria exagerar, mas achei melhor comentar."
alteracao_do_aparelho_digestivo|alteracao_do_aparelho_respiratorio|isolamento_social,"Sei lá, eu não queria exagerar, mas achei melhor comentar. Tenho refluxo e queimação depois de comer. Minha respiração fica curta e eu preciso parar e respirar fundo. Eu parei de ir em lugares que eu gostava, não tenho ânimo."
alteracao_do_aparelho_respiratorio|aperto_no_peito|dor_de_cabeca_frequente|dor_muscular,"Tipo, eu estou ficando preocupada porque está mais frequente. O peito fica apertado e eu sinto que preciso parar o que estou fazendo. Minhas costas doem quase todo dia, principalmente lombar. Minha cabeça dói com frequência e às vezes dá náusea junto. Eu tento levar, mas tem dias que pesa."
alteracao_do_aparelho_digestivo|alteracao_do_aparelho_reprodutor|dor_de_cabeca_frequente|sintoma_hormonal,"Tenho notado que eu não queria exagerar, mas achei melhor comentar. Tenho cólicas mais fortes do que o normal e dor pélvica. Eu acordo com a cabeça pesada e isso vai e volta durante o dia. Eu fico com o estômago embrulhado quando estou preocupada. Meu humor e meu corpo mudam juntos perto do ciclo, parece hormonal."
dor_de_cabeca_frequente|fadiga_persistente|isolamento_social,"Tenho notado que eu fico insegura se é algo sério. É um cansaço que não melhora com descanso. Minha cabeça dói com frequência e às vezes dá náusea junto. Eu tento levar, mas tem dias que pesa."
alteracao_do_aparelho_digestivo|aperto_no_peito|dor_de_cabeca_frequente|fadiga_persistente|isolamento_social|risco_violencia_domestica,"Tipo, eu só queria uma orientação do que fazer. Eu tenho fadiga que dura semanas, sem melhora. Eu me afastei um pouco das minhas amigas sem perceber. Eu acordo com a cabeça pesada e isso vai e volta durante o dia. Quando fico nervosa, o peito aperta e demora a passar. Tenho dor no estômago e náusea principalmente à noite. Eu percebi isso mais nas últimas semanas."
alteracao_do_aparelho_digestivo|dor_de_cabeca_frequente|sintoma_hormonal,"Ah doutora, eu tento levar, mas tem dias que pesa. No fim da tarde minha cabeça pesa e a dor fica chata e constante. Eu tenho sentido enjoo e azia com frequência. Eu sinto que tem algo hormonal, porque isso piora em certas fases do mês."
alteracao_do_aparelho_cardiovascular|dor_de_cabeca_frequente,"Tipo, doutora, eu queria entender se isso é normal ou se eu deveria investigar. Meu coração acelera do nada e eu sinto palpitação. Eu não sei se é estresse, mas tem me incomodado bastante."
alteracao_do_aparelho_digestivo|dor_de_cabeca_frequente,"Então, eu vim mais pra checar e não deixar acumular. É uma dor meio apertada, como se tivesse uma faixa na cabeça. Eu fico com o estômago embrulhado quando estou preocupada. Eu não sei se é estresse, mas tem me incomodado bastante."
dor_de_cabeca_frequente|sintoma_hormonal,"De forma objetiva, eu só queria uma orientação do que fazer. Minha cabeça dói com frequência e às vezes dá náusea junto. Eu notei queda de cabelo e mudanças que parecem hormonais. Eu pensei que fosse fase, mas não está passando."
alteracao_do_aparelho_digestivo|fadiga_persistente|isolamento_social,"Percebi um padrão: eu tento levar, mas tem dias que pesa. Eu ando evitando sair e encontrar pessoas, até amigas próximas. Meu intestino está desregulado, alterna entre preso e solto. Eu acordo cansada todo dia, mesmo quando durmo. Eu só queria uma orientação do que fazer."
dor_de_cabeca_frequente|dor_muscular|fadiga_persistente,"Olha, eu vim mais pra checar e não deixar acumular. No fim da tarde minha cabeça pesa e a dor fica chata e constante. As costas e o pescoço doem, principalmente depois de um dia longo."
alteracao_do_aparelho_reprodutor|dor_de_cabeca_frequente|fadiga_persistente|sintoma_hormonal,"Observei que eu fico insegura se é algo sério. Eu me sinto exausta desde cedo e vou piorando ao longo do dia. Parece que meu corpo está desregulado, eu atribuo a hormônios. Eu tenho dor de cabeça várias vezes na semana, tipo uma pressão na testa. Tenho desconforto pélvico e sensação de inchaço abdominal baixo. Eu vim mais pra checar e não deixar acumular."
alteracao_do_aparelho_digestivo|alteracao_do_aparelho_reprodutor|dor_de_cabeca_frequente|fadiga_persistente,"Percebi um padrão: eu não sei se é estresse, mas tem me incomodado bastante. Eu me sinto exausta desde cedo e vou piorando ao longo do dia. Tenho diarreia em alguns dias e fico fraca depois. Quando estou mais cansada, a dor aparece e demora pra ir embora. Eu não sei se é estresse, mas tem me incomodado bastante."
dor_de_cabeca_frequente|sintoma_hormonal,"Percebi um padrão: eu pensei que fosse fase, mas não está passando. Eu sinto uma dor de cabeça quase diária, principalmente quando estou tensa. Meu corpo parece diferente perto do ciclo, como se os hormônios mudassem tudo."
aperto_no_peito|isolamento_social,"Tenho notado que eu não sei se é estresse, mas tem me incomodado bastante. Eu me afastei um pouco das minhas amigas sem perceber. Eu não sei se é estresse, mas tem me incomodado bastante."
alteracao_do_aparelho_digestivo|alteracao_do_aparelho_reprodutor|dor_de_cabeca_frequente|fadiga_persistente|sintoma_hormonal,"Ah doutora, eu pensei que fosse fase, mas não está passando. Tenho desconforto pélvico e sensação de inchaço abdominal baixo. Ando com constipação e desconforto abdominal. Tenho oscilação de sintomas junto do meu ciclo, então penso em hormônio. Eu acordo com a cabeça pesada e isso vai e volta durante o dia. Eu tenho fadiga que dura semanas, sem melhora. Doutora, eu queria entender se isso é normal ou se eu deveria investigar."
isolamento_social|sintoma_hormonal,"Ah doutora, eu vim mais pra checar e não deixar acumular. Tenho respondido menos mensagens e preferido ficar no meu canto. Eu notei queda de cabelo e mudanças que parecem hormonais. Eu tento levar, mas tem dias que pesa."
aperto_no_peito|sintoma_hormonal,"Tenho notado que doutora, eu queria entender se isso é normal ou se eu deveria investigar. Quando fico nervosa, o peito aperta e demora a passar. Eu sinto que tem algo hormonal, porque isso piora em certas fases do mês. Eu vim mais pra checar e não deixar acumular."
alteracao_do_aparelho_cardiovascular|alteracao_do_aparelho_digestivo,"Percebi um padrão: doutora, eu queria entender se isso é normal ou se eu deveria investigar. Eu sinto um 'tranco' no coração e fico preocupada. Ando com constipação e desconforto abdominal. Eu percebi isso mais nas últimas semanas."
alteracao_do_aparelho_reprodutor|sintoma_hormonal,"De forma objetiva, eu vim mais pra checar e não deixar acumular. Tenho sensação de 'desbalanço' hormonal, difícil explicar. Meu ciclo encurtou e eu tive cólica forte. Eu não queria exagerar, mas achei melhor comentar."
alteracao_do_aparelho_digestivo|alteracao_do_aparelho_reprodutor|dor_de_cabeca_frequente|fadiga_persistente,"Nas últimas semanas eu só queria uma orientação do que fazer. Minha menstruação veio diferente, com manchas e dor. Minha cabeça dói com frequência e às vezes dá náusea junto. Ando com constipação e desconforto abdominal. Eu fico sem energia o tempo inteiro, como se não recuperasse. Doutora, eu queria entender se isso é normal ou se eu deveria investigar."
fadiga_persistente|sintoma_hormonal,"Percebi um padrão: eu tento levar, mas tem dias que pesa. Eu fico muito cansada, com corpo pesado, todo dia. Tenho oscilação de sintomas junto do meu ciclo, então penso em hormônio. Eu estou ficando preocupada porque está mais frequente."
alteracao_do_aparelho_digestivo|dor_muscular|fadiga_persistente|sintoma_hormonal,"Tipo, eu percebi isso mais nas últimas semanas. Meu pescoço e ombros ficam travados, como tensão acumulada. Eu tenho exaustão diária e isso atrapalha minha rotina. Meu humor e meu corpo mudam juntos perto do ciclo, parece hormonal. Sinto estufamento, gases e desconforto no estômago. Eu percebi isso mais nas últimas semanas."
alteracao_do_aparelho_reprodutor|dor_de_cabeca_frequente|sintoma_hormonal,"Sei lá, eu percebi isso mais nas últimas semanas. Tem dias que é enxaqueca, fica latejando e me derruba. Sinto inchaço e mudanças no corpo que eu acho que são hormonais. Tenho sangramento irregular e cólicas que não eram assim antes. Eu só queria uma orientação do que fazer."
aperto_no_peito|dor_de_cabeca_frequente|dor_muscular|risco_violencia_domestica,"Ah doutora, eu percebi isso mais nas últimas semanas. Eu fico com o peito apertado e dá vontade de suspirar o tempo todo. Minha musculatura fica dolorida e às vezes eu tenho câimbra. Quando estou mais cansada, a dor aparece e demora pra ir embora. Eu tenho medo de que qualquer coisa vire briga, então eu me calo. Eu não sei se é estresse, mas tem me incomodado bastante."
dor_de_cabeca_frequente|fadiga_persistente,"Então, doutora, eu queria entender se isso é normal ou se eu deveria investigar. Eu acordo com a cabeça pesada e isso vai e volta durante o dia. Mesmo em dias tranquilos eu estou esgotada. Eu só queria uma orientação do que fazer."
alteracao_do_aparelho_digestivo|alteracao_do_aparelho_reprodutor,"Então, eu só queria uma orientação do que fazer. Tenho diarreia em alguns dias e fico fraca depois. Notei mudança no fluxo menstrual, veio mais intenso."
aperto_no_peito|fadiga_persistente|isolamento_social,"Ah doutora, eu tento levar, mas tem dias que pesa. Eu fico com o peito apertado e dá vontade de suspirar o tempo todo. Eu tenho fadiga que dura semanas, sem melhora. Doutora, eu queria entender se isso é normal ou se eu deveria investigar."
dor_muscular|fadiga_persistente,"Observei que eu percebi isso mais nas últimas semanas. Eu fico com dor no ombro e no pescoço, parece que tudo trava. É um cansaço que não melhora com descanso. Eu percebi isso mais nas últimas semanas."
dor_de_cabeca_frequente|fadiga_persistente,"Observei que eu vim mais pra checar e não deixar acumular. Eu acordo com a cabeça pesada e isso vai e volta durante o dia. Eu tenho exaustão diária e isso atrapalha minha rotina. Eu não sei se é estresse, mas tem me incomodado bastante."
dor_de_cabeca_frequente|dor_muscular,"Então, eu vim mais pra checar e não deixar acumular. É uma dor meio apertada, como se tivesse uma faixa na cabeça. Meu corpo fica pesado e com dores, tipo 'quebrada'. Eu fico insegura se é algo sério."
alteracao_do_aparelho_cardiovascular|fadiga_persistente,"De forma objetiva, eu não queria exagerar, mas achei melhor comentar. Eu tenho fadiga que dura semanas, sem melhora. Eu sinto um 'tranco' no coração e fico preocupada. Eu só queria uma orientação do que fazer."
dor_muscular|fadiga_persistente,"Tenho notado que eu não queria exagerar, mas achei melhor comentar. Minhas costas doem quase todo dia, principalmente lombar. Eu fico muito cansada, com corpo pesado, todo dia. Eu não sei se é estresse, mas tem me incomodado bastante."
alteracao_do_aparelho_reprodutor|fadiga_persistente|sintoma_hormonal,"Tenho notado que eu vim mais pra checar e não deixar acumular. Eu acordo cansada todo dia, mesmo quando durmo. Senti dor pélvica e o ciclo desregulou nas últimas semanas. Meu humor e meu corpo mudam juntos perto do ciclo, parece hormonal. Eu pensei que fosse fase, mas não está passando."
fadiga_persistente|sintoma_hormonal,"Percebi um padrão: eu só queria uma orientação do que fazer. Eu fico sem energia o tempo inteiro, como se não recuperasse. Eu sinto que tem algo hormonal, porque isso piora em certas fases do mês. Eu não sei se é estresse, mas tem me incomodado bastante."
dor_de_cabeca_frequente|dor_muscular|isolamento_social|risco_violencia_domestica,"Sei lá, eu tento levar, mas tem dias que pesa. Quando o clima muda em casa, eu sinto que é melhor não tocar em assunto nenhum. Minha cabeça dói com frequência e às vezes dá náusea junto. Eu fico com dor no ombro e no pescoço, parece que tudo trava. Eu não quero conversar com ninguém na maior parte dos dias. Eu fico insegura se é algo sério."
fadiga_persistente|isolamento_social,"Percebi um padrão: eu só queria uma orientação do que fazer. Eu acordo cansada todo dia, mesmo quando durmo. Eu não quero conversar com ninguém na maior parte dos dias. Eu não sei se é estresse, mas tem me incomodado bastante."
isolamento_social|risco_violencia_domestica,"Sei lá, eu não queria exagerar, mas achei melhor comentar. Tenho respondido menos mensagens e preferido ficar no meu canto. Eu tenho escolhido minhas palavras o tempo todo pra não criar problema."
alteracao_do_aparelho_reprodutor|dor_de_cabeca_frequente|sintoma_hormonal,"Nas últimas semanas eu estou ficando preocupada porque está mais frequente. Tenho sangramento irregular e cólicas que não eram assim antes. Minha cabeça dói com frequência e às vezes dá náusea junto. Isso aparece em fases específicas, então eu suspeito de hormônio."
aperto_no_peito|dor_de_cabeca_frequente|dor_muscular|fadiga_persistente|risco_violencia_domestica,"Então, eu pensei que fosse fase, mas não está passando. Em alguns momentos meu peito aperta e eu fico mais tensa. Eu fico sem energia o tempo inteiro, como se não recuperasse. Às vezes eu fico tensa só de pensar em falar como eu estou me sentindo em casa. Eu tenho dor muscular nas pernas e nas costas sem motivo claro. A dor vem atrás dos olhos e piora com luz. Eu só queria uma orientação do que fazer."
alteracao_do_aparelho_cardiovascular|aperto_no_peito,"Ah doutora, eu tento levar, mas tem dias que pesa. Eu fico com o coração acelerado e mãos frias. Dá uma sensação de opressão no peito que me assusta um pouco. Eu só queria uma orientação do que fazer."
alteracao_do_aparelho_digestivo|sintoma_hormonal,"Observei que eu não queria exagerar, mas achei melhor comentar. Tenho diarreia em alguns dias e fico fraca depois. Parece que meu corpo está desregulado, eu atribuo a hormônios. Eu tento levar, mas tem dias que pesa."
dor_muscular|fadiga_persistente,Nas últimas semanas eu fico insegura se é algo sério. Eu sinto muita tensão no pescoço e isso desce para as costas. Eu tenho exaustão diária e isso atrapalha minha rotina.
alteracao_do_aparelho_cardiovascular|alteracao_do_aparelho_respiratorio|aperto_no_peito|sintoma_hormonal,"Olha, eu só queria uma orientação do que fazer. É como se algo estivesse pressionando aqui no meio do peito. Quando deito, às vezes sinto que a respiração fica mais difícil. Tenho episódios de batimento acelerado quando eu paro pra descansar. Tenho ondas de calor e suor noturno de vez em quando, acho que é hormonal."
alteracao_do_aparelho_cardiovascular|risco_violencia_domestica,"Ah doutora, eu pensei que fosse fase, mas não está passando. Tenho episódios de batimento acelerado quando eu paro pra descansar. Eu tenho medo de que qualquer coisa vire briga, então eu me calo. Eu vim mais pra checar e não deixar acumular."
dor_muscular|fadiga_persistente,"Tenho notado que eu não sei se é estresse, mas tem me incomodado bastante. Eu sinto dor no corpo, como se eu tivesse carregado peso. Eu fico sem energia o tempo inteiro, como se não recuperasse. Eu vim mais pra checar e não deixar acumular."
dor_de_cabeca_frequente|fadiga_persistente|sintoma_hormonal,"Ah doutora, eu fico insegura se é algo sério. Eu notei queda de cabelo e mudanças que parecem hormonais. Minha cabeça dói com frequência e às vezes dá náusea junto. Eu tenho exaustão diária e isso atrapalha minha rotina. Eu pensei que fosse fase, mas não está passando."
aperto_no_peito|dor_de_cabeca_frequente|risco_violencia_domestica,"Então, eu tento levar, mas tem dias que pesa. Quando fico nervosa, o peito aperta e demora a passar. A dor vem atrás dos olhos e piora com luz. Eu me sinto meio na ponta dos pés dentro de casa, tentando não irritar ninguém."
alteracao_do_aparelho_cardiovascular|alteracao_do_aparelho_respiratorio|aperto_no_peito|dor_de_cabeca_frequente|dor_muscular|fadiga_persistente,"Ah doutora, eu pensei que fosse fase, mas não está passando. Já aconteceu de eu sentir o coração irregular por alguns segundos. Em alguns momentos meu peito aperta e eu fico mais tensa. Eu tenho fadiga que dura semanas, sem melhora. Eu sinto falta de ar às vezes, como se a respiração ficasse curta. Eu fico com dor no ombro e no pescoço, parece que tudo trava. No fim da tarde minha cabeça pesa e a dor fica chata e constante. Doutora, eu queria entender se isso é normal ou se eu deveria investigar."
aperto_no_peito|dor_muscular|fadiga_persistente,"Sei lá, eu tento levar, mas tem dias que pesa. Eu fico com o peito apertado e dá vontade de suspirar o tempo todo. Minhas costas doem quase todo dia, principalmente lombar. Eu fico sem energia o tempo inteiro, como se não recuperasse. Doutora, eu queria entender se isso é normal ou se eu deveria investigar."
dor_muscular|fadiga_persistente|sintoma_hormonal,"Tipo, eu estou ficando preocupada porque está mais frequente. É um cansaço constante, não é só sono. Eu sinto muita tensão no pescoço e isso desce para as costas. Tenho oscilação de sintomas junto do meu ciclo, então penso em hormônio. Eu não queria exagerar, mas achei melhor comentar."
alteracao_do_aparelho_cardiovascular|alteracao_do_aparelho_respiratorio|aperto_no_peito,"Olha, eu percebi isso mais nas últimas semanas. Sinto uma taquicardia curta e depois passa, mas assusta. Tenho sensação de garganta irritada e peito 'pesado' pra respirar. Em alguns momentos meu peito aperta e eu fico mais tensa. Eu pensei que fosse fase, mas não está passando."
alteracao_do_aparelho_cardiovascular|alteracao_do_aparelho_digestivo|alteracao_do_aparelho_respiratorio,"De forma objetiva, eu vim mais pra checar e não deixar acumular. Às vezes parece que meu coração está batendo forte demais. Em alguns momentos eu sinto falta de ar e fico ansiosa junto. Eu estou ficando preocupada porque está mais frequente."
alteracao_do_aparelho_digestivo|fadiga_persistente|isolamento_social,"Olha, eu só queria uma orientação do que fazer. Meu apetite mudou, tem dia que eu esqueço de comer. Eu pensei que fosse fase, mas não está passando."
alteracao_do_aparelho_cardiovascular|alteracao_do_aparelho_digestivo|alteracao_do_aparelho_respiratorio|aperto_no_peito|fadiga_persistente|sintoma_hormonal,"Observei que eu não queria exagerar, mas achei melhor comentar. Meu intestino está desregulado, alterna entre preso e solto. Às vezes parece que meu coração está batendo forte demais. Sinto um chiado leve ao respirar, principalmente à noite. É como se algo estivesse pressionando aqui no meio do peito. É um cansaço que não melhora com descanso. Sinto inchaço e mudanças no corpo que eu acho que são hormonais."
dor_de_cabeca_frequente|dor_muscular|fadiga_persistente,"Tipo, eu pensei que fosse fase, mas não está passando. Eu fico sem energia o tempo inteiro, como se não recuperasse. É uma dor meio apertada, como se tivesse uma faixa na cabeça. As costas e o pescoço doem, principalmente depois de um dia longo. Eu só queria uma orientação do que fazer."
alteracao_do_aparelho_digestivo|alteracao_do_aparelho_reprodutor|dor_de_cabeca_frequente|fadiga_persistente|sintoma_hormonal,"Sei lá, doutora, eu queria entender se isso é normal ou se eu deveria investigar. Notei mudança no fluxo menstrual, veio mais intenso. Eu acordo cansada todo dia, mesmo quando durmo. Eu sinto que tem algo hormonal, porque isso piora em certas fases do mês. Minha cabeça dói com frequência e às vezes dá náusea junto. Eu não queria exagerar, mas achei melhor comentar."
aperto_no_peito|dor_de_cabeca_frequente|fadiga_persistente|isolamento_social|risco_violencia_domestica|sintoma_hormonal,"Tipo, eu só queria uma orientação do que fazer. Tenho respondido menos mensagens e preferido ficar no meu canto. Eu evito comentar certas coisas porque eu não sei como a outra pessoa vai reagir. Eu tenho dor de cabeça várias vezes na semana, tipo uma pressão na testa. Eu sinto um aperto no peito de vez em quando, como uma pressão. Eu notei queda de cabelo e mudanças que parecem hormonais. É um cansaço que não melhora com descanso. Eu pensei que fosse fase, mas não está passando."
dor_muscular|fadiga_persistente|isolamento_social,Percebi um padrão: eu vim mais pra checar e não deixar acumular. Eu me sinto exausta desde cedo e vou piorando ao longo do dia. Eu não quero conversar com ninguém na maior parte dos dias.
alteracao_do_aparelho_digestivo|dor_muscular|fadiga_persistente,"Então, doutora, eu queria entender se isso é normal ou se eu deveria investigar. Eu tenho fadiga que dura semanas, sem melhora. Meu apetite mudou, tem dia que eu esqueço de comer. Minha musculatura fica dolorida e às vezes eu tenho câimbra. Eu vim mais pra checar e não deixar acumular."
alteracao_do_aparelho_reprodutor|fadiga_persistente|risco_violencia_domestica,"Ah doutora, eu vim mais pra checar e não deixar acumular. Eu me sinto exausta desde cedo e vou piorando ao longo do dia. Eu evito comentar certas coisas porque eu não sei como a outra pessoa vai reagir. Senti dor pélvica e o ciclo desregulou nas últimas semanas. Eu tento levar, mas tem dias que pesa."
alteracao_do_aparelho_cardiovascular|aperto_no_peito,"Então, eu não queria exagerar, mas achei melhor comentar. Dá uma sensação de opressão no peito que me assusta um pouco. Já aconteceu de eu sentir o coração irregular por alguns segundos. Eu estou ficando preocupada porque está mais frequente."
alteracao_do_aparelho_reprodutor|dor_de_cabeca_frequente|dor_muscular|fadiga_persistente|sintoma_hormonal,"Observei que eu percebi isso mais nas últimas semanas. É um cansaço constante, não é só sono. Eu sinto dor no corpo, como se eu tivesse carregado peso. Eu acordo com a cabeça pesada e isso vai e volta durante o dia. Eu estou ficando preocupada porque está mais frequente."
alteracao_do_aparelho_cardiovascular|alteracao_do_aparelho_respiratorio,"Sei lá, eu só queria uma orientação do que fazer. Eu acordo com a garganta seca e uma tosse que incomoda. Tenho sentido tontura e batimentos rápidos em alguns momentos. Eu só queria uma orientação do que fazer."
alteracao_do_aparelho_digestivo|dor_muscular|fadiga_persistente,"De forma objetiva, eu tento levar, mas tem dias que pesa. Eu tenho dor muscular nas pernas e nas costas sem motivo claro. Tenho refluxo e queimação depois de comer. Eu fico sem energia o tempo inteiro, como se não recuperasse. Eu vim mais pra checar e não deixar acumular."
alteracao_do_aparelho_digestivo|fadiga_persistente|sintoma_hormonal,"Tenho notado que eu pensei que fosse fase, mas não está passando. Eu tenho sentido enjoo e azia com frequência. Eu sinto que tem algo hormonal, porque isso piora em certas fases do mês. É um cansaço que não melhora com descanso. Eu percebi isso mais nas últimas semanas."
alteracao_do_aparelho_reprodutor|alteracao_do_aparelho_respiratorio|aperto_no_peito|dor_de_cabeca_frequente|sintoma_hormonal,"Ah doutora, eu não sei se é estresse, mas tem me incomodado bastante. Tenho sensação de 'desbalanço' hormonal, difícil explicar. Meu ciclo ficou irregular e atrasou mais de uma vez. Eu sinto falta de ar às vezes, como se a respiração ficasse curta. Eu fico com o peito apertado e dá vontade de suspirar o tempo todo. Eu vim mais pra checar e não deixar acumular."
aperto_no_peito|dor_de_cabeca_frequente|fadiga_persistente,"Então, eu tento levar, mas tem dias que pesa. Em alguns momentos meu peito aperta e eu fico mais tensa. Eu tenho fadiga que dura semanas, sem melhora. Eu acordo com a cabeça pesada e isso vai e volta durante o dia. Eu não queria exagerar, mas achei melhor comentar."
alteracao_do_aparelho_digestivo|fadiga_persistente,"Percebi um padrão: eu não queria exagerar, mas achei melhor comentar. Sinto estufamento, gases e desconforto no estômago. Mesmo em dias tranquilos eu estou esgotada. Eu só queria uma orientação do que fazer."
alteracao_do_aparelho_digestivo|dor_muscular|fadiga_persistente,"Nas últimas semanas eu tento levar, mas tem dias que pesa. Tenho dor no estômago e náusea principalmente à noite. Eu sinto muita tensão no pescoço e isso desce para as costas. Eu me sinto exausta desde cedo e vou piorando ao longo do dia. Eu estou ficando preocupada porque está mais frequente."
aperto_no_peito|isolamento_social|risco_violencia_domestica,"Olha, eu percebi isso mais nas últimas semanas. O peito fica apertado e eu sinto que preciso parar o que estou fazendo. Eu evito comentar certas coisas porque eu não sei como a outra pessoa vai reagir. Eu tenho me isolado, não por raiva, só por falta de energia. Eu não sei se é estresse, mas tem me incomodado bastante."
alteracao_do_aparelho_digestivo|isolamento_social,Tenho notado que eu vim mais pra checar e não deixar acumular. Eu fico mais confortável sozinha ultimamente. Tenho refluxo e queimação depois de comer. Eu percebi isso mais nas últimas semanas.
alteracao_do_aparelho_cardiovascular|alteracao_do_aparelho_respiratorio|fadiga_persistente|isolamento_social,"Observei que eu percebi isso mais nas últimas semanas. Eu fico sem energia o tempo inteiro, como se não recuperasse. Em alguns momentos eu sinto falta de ar e fico ansiosa junto. Eu me afastei um pouco das minhas amigas sem perceber. Sinto uma taquicardia curta e depois passa, mas assusta. Eu percebi isso mais nas últimas semanas."
dor_de_cabeca_frequente|dor_muscular,"Nas últimas semanas eu pensei que fosse fase, mas não está passando. Minha cabeça dói com frequência e às vezes dá náusea junto. Meu pescoço e ombros ficam travados, como tensão acumulada."
alteracao_do_aparelho_cardiovascular|alteracao_do_aparelho_reprodutor|alteracao_do_aparelho_respiratorio|dor_de_cabeca_frequente,"Percebi um padrão: eu não sei se é estresse, mas tem me incomodado bastante. Eu acordo com a cabeça pesada e isso vai e volta durante o dia. Eu fico com o coração acelerado e mãos frias. Eu percebi isso mais nas últimas semanas."
alteracao_do_aparelho_cardiovascular|alteracao_do_aparelho_digestivo|alteracao_do_aparelho_reprodutor|alteracao_do_aparelho_respiratorio|dor_de_cabeca_frequente|sintoma_hormonal,"Sei lá, eu não queria exagerar, mas achei melhor comentar. Tenho sangramento irregular e cólicas que não eram assim antes. Minha cabeça dói com frequência e às vezes dá náusea junto. Meu intestino está desregulado, alterna entre preso e solto. Tenho episódios de batimento acelerado quando eu paro pra descansar. Tenho tido tosse seca que vai e volta. Tenho oscilação de sintomas junto do meu ciclo, então penso em hormônio. Eu pensei que fosse fase, mas não está passando."
fadiga_persistente|isolamento_social,"Tenho notado que eu fico insegura se é algo sério. Eu sinto que estou sempre no limite, sem bateria. Tenho respondido menos mensagens e preferido ficar no meu canto. Doutora, eu queria entender se isso é normal ou se eu deveria investigar."
alteracao_do_aparelho_digestivo|isolamento_social,"Tipo, eu não sei se é estresse, mas tem me incomodado bastante. Eu tenho me isolado, não por raiva, só por falta de energia. Meu apetite mudou, tem dia que eu esqueço de comer. Eu só queria uma orientação do que fazer."
dor_de_cabeca_frequente|dor_muscular,"Ah doutora, eu só queria uma orientação do que fazer. Minha musculatura fica dolorida e às vezes eu tenho câimbra. Tem dias que é enxaqueca, fica latejando e me derruba. Eu vim mais pra checar e não deixar acumular."
alteracao_do_aparelho_cardiovascular|aperto_no_peito,"Ah doutora, eu vim mais pra checar e não deixar acumular. Eu fico com o peito apertado e dá vontade de suspirar o tempo todo. Eu tento levar, mas tem dias que pesa."
alteracao_do_aparelho_digestivo|alteracao_do_aparelho_respiratorio,"Olha, eu pensei que fosse fase, mas não está passando. Eu tenho sentido enjoo e azia com frequência. Quando deito, às vezes sinto que a respiração fica mais difícil. Eu estou ficando preocupada porque está mais frequente."
alteracao_do_aparelho_digestivo|dor_de_cabeca_frequente|fadiga_persistente|sintoma_hormonal,"Observei que eu só queria uma orientação do que fazer. Eu acordo com a cabeça pesada e isso vai e volta durante o dia. Eu sinto que estou sempre no limite, sem bateria. Sinto barriga inchada e uma sensação de digestão lenta. Isso aparece em fases específicas, então eu suspeito de hormônio. Eu não sei se é estresse, mas tem me incomodado bastante."
alteracao_do_aparelho_reprodutor|fadiga_persistente|sintoma_hormonal,"De forma objetiva, eu não queria exagerar, mas achei melhor comentar. Eu fico muito cansada, com corpo pesado, todo dia. Meu corpo parece diferente perto do ciclo, como se os hormônios mudassem tudo. Eu vim mais pra checar e não deixar acumular."
alteracao_do_aparelho_cardiovascular|alteracao_do_aparelho_digestivo|alteracao_do_aparelho_respiratorio|dor_de_cabeca_frequente,"Sei lá, eu pensei que fosse fase, mas não está passando. Às vezes parece que meu coração está batendo forte demais."
alteracao_do_aparelho_respiratorio|aperto_no_peito,"Tenho notado que eu fico insegura se é algo sério. Eu acordo com a garganta seca e uma tosse que incomoda. Eu sinto um aperto no peito de vez em quando, como uma pressão."
alteracao_do_aparelho_reprodutor|alteracao_do_aparelho_respiratorio|aperto_no_peito|fadiga_persistente|sintoma_hormonal,"Tenho notado que eu estou ficando preocupada porque está mais frequente. Eu sinto que estou sempre no limite, sem bateria. Às vezes parece que meu peito fecha e eu preciso respirar fundo. Sinto dor na parte baixa da barriga em alguns dias do mês. Eu fico ofegante com esforço leve, o que não era comum pra mim. Eu vim mais pra checar e não deixar acumular."
dor_de_cabeca_frequente|sintoma_hormonal,"Tipo, eu estou ficando preocupada porque está mais frequente. Quando estou mais cansada, a dor aparece e demora pra ir embora."
fadiga_persistente|isolamento_social,"Nas últimas semanas eu fico insegura se é algo sério. É um cansaço constante, não é só sono. Eu não sei se é estresse, mas tem me incomodado bastante."
alteracao_do_aparelho_respiratorio|aperto_no_peito,"Sei lá, eu não sei se é estresse, mas tem me incomodado bastante. Quando deito, às vezes sinto que a respiração fica mais difícil. Eu só queria uma orientação do que fazer."
aperto_no_peito|isolamento_social,"Então, eu não sei se é estresse, mas tem me incomodado bastante. Em alguns momentos meu peito aperta e eu fico mais tensa. Doutora, eu queria entender se isso é normal ou se eu deveria investigar."
alteracao_do_aparelho_digestivo|alteracao_do_aparelho_respiratorio,"Tenho notado que eu não queria exagerar, mas achei melhor comentar. Sinto estufamento, gases e desconforto no estômago. Quando deito, às vezes sinto que a respiração fica mais difícil. Eu pensei que fosse fase, mas não está passando."
alteracao_do_aparelho_reprodutor|fadiga_persistente,"Tipo, eu não sei se é estresse, mas tem me incomodado bastante. Tenho desconforto pélvico e sensação de inchaço abdominal baixo. Eu tenho fadiga que dura semanas, sem melhora. Eu fico insegura se é algo sério."
alteracao_do_aparelho_digestivo|alteracao_do_aparelho_reprodutor|fadiga_persistente,"Tipo, eu percebi isso mais nas últimas semanas. Eu tenho sentido enjoo e azia com frequência. É um cansaço que não melhora com descanso. Eu vim mais pra checar e não deixar acumular."
dor_de_cabeca_frequente|risco_violencia_domestica,"Ah doutora, eu tento levar, mas tem dias que pesa. Minha cabeça dói com frequência e às vezes dá náusea junto. Eu tenho escolhido minhas palavras o tempo todo pra não criar problema. Eu estou ficando preocupada porque está mais frequente."
alteracao_do_aparelho_digestivo|dor_muscular|fadiga_persistente,"Então, eu vim mais pra checar e não deixar acumular. Sinto barriga inchada e uma sensação de digestão lenta. Eu tenho dor muscular nas pernas e nas costas sem motivo claro. É um cansaço constante, não é só sono. Eu vim mais pra checar e não deixar acumular."
alteracao_do_aparelho_cardiovascular|alteracao_do_aparelho_respiratorio|aperto_no_peito|dor_de_cabeca_frequente,"Ah doutora, eu percebi isso mais nas últimas semanas. Já aconteceu de eu sentir o coração irregular por alguns segundos. Eu fico com o peito apertado e dá vontade de suspirar o tempo todo. A dor vem atrás dos olhos e piora com luz. Eu acordo com a garganta seca e uma tosse que incomoda. Eu percebi isso mais nas últimas semanas."
alteracao_do_aparelho_digestivo|aperto_no_peito|dor_de_cabeca_frequente|fadiga_persistente,"De forma objetiva, eu tento levar, mas tem dias que pesa. Eu sinto que estou sempre no limite, sem bateria. É uma dor meio apertada, como se tivesse uma faixa na cabeça. Eu fico com o estômago embrulhado quando estou preocupada. Em alguns momentos meu peito aperta e eu fico mais tensa. Eu só queria uma orientação do que fazer."
alteracao_do_aparelho_cardiovascular|dor_de_cabeca_frequente|dor_muscular|fadiga_persistente,"De forma objetiva, eu pensei que fosse fase, mas não está passando. Eu sinto muita tensão no pescoço e isso desce para as costas. É uma dor meio apertada, como se tivesse uma faixa na cabeça. Eu tenho fadiga que dura semanas, sem melhora. Eu só queria uma orientação do que fazer."
alteracao_do_aparelho_cardiovascular|alteracao_do_aparelho_digestivo|isolamento_social,"Tenho notado que eu não sei se é estresse, mas tem me incomodado bastante. Já aconteceu de eu sentir o coração irregular por alguns segundos. Eu cansei de socializar, tenho recusado convites e fico mais em casa. Sinto estufamento, gases e desconforto no estômago. Eu vim mais pra checar e não deixar acumular."
alteracao_do_aparelho_digestivo|alteracao_do_aparelho_reprodutor|dor_de_cabeca_frequente|fadiga_persistente,"Nas últimas semanas eu fico insegura se é algo sério. Eu sinto que estou sempre no limite, sem bateria. Eu tenho sentido enjoo e azia com frequência. Tenho sangramento irregular e cólicas que não eram assim antes. Tem dias que é enxaqueca, fica latejando e me derruba. Eu estou ficando preocupada porque está mais frequente."
alteracao_do_aparelho_digestivo|dor_de_cabeca_frequente|fadiga_persistente|sintoma_hormonal,"Olha, eu fico insegura se é algo sério. Meu intestino está desregulado, alterna entre preso e solto. Tenho sensação de 'desbalanço' hormonal, difícil explicar. Tem dias que é enxaqueca, fica latejando e me derruba. Eu fico sem energia o tempo inteiro, como se não recuperasse. Eu tento levar, mas tem dias que pesa."
alteracao_do_aparelho_cardiovascular|alteracao_do_aparelho_reprodutor|aperto_no_peito|dor_de_cabeca_frequente|fadiga_persistente,"Sei lá, eu percebi isso mais nas últimas semanas. Notei mudança no fluxo menstrual, veio mais intenso. Eu tenho essa sensação de aperto no peito, principalmente no fim do dia. Eu me sinto exausta desde cedo e vou piorando ao longo do dia. Minha cabeça dói com frequência e às vezes dá náusea junto. Eu sinto um 'tranco' no coração e fico preocupada. Eu pensei que fosse fase, mas não está passando."
alteracao_do_aparelho_cardiovascular|alteracao_do_aparelho_digestivo|alteracao_do_aparelho_respiratorio|dor_de_cabeca_frequente,"Observei que eu não sei se é estresse, mas tem me incomodado bastante. No fim da tarde minha cabeça pesa e a dor fica chata e constante. Meu intestino está desregulado, alterna entre preso e solto. Eu sinto um 'tranco' no coração e fico preocupada. Eu acordo com a garganta seca e uma tosse que incomoda. Eu não sei se é estresse, mas tem me incomodado bastante."
alteracao_do_aparelho_digestivo|dor_muscular|fadiga_persistente|sintoma_hormonal,"Nas últimas semanas doutora, eu queria entender se isso é normal ou se eu deveria investigar. Sinto inchaço e mudanças no corpo que eu acho que são hormonais. Minhas costas doem quase todo dia, principalmente lombar. Eu tenho fadiga que dura semanas, sem melhora. Doutora, eu queria entender se isso é normal ou se eu deveria investigar."
alteracao_do_aparelho_cardiovascular|alteracao_do_aparelho_respiratorio|risco_violencia_domestica,"Tipo, eu percebi isso mais nas últimas semanas. Eu sinto falta de ar às vezes, como se a respiração ficasse curta. Às vezes parece que meu coração está batendo forte demais. Eu acabo evitando conversa em casa porque sinto que pode virar cobrança. Doutora, eu queria entender se isso é normal ou se eu deveria investigar."
dor_de_cabeca_frequente|dor_muscular|isolamento_social|risco_violencia_domestica,"Então, eu vim mais pra checar e não deixar acumular. Às vezes eu fico tensa só de pensar em falar como eu estou me sentindo em casa. Eu fico mais confortável sozinha ultimamente. Minha musculatura fica dolorida e às vezes eu tenho câimbra. Eu tenho dor de cabeça várias vezes na semana, tipo uma pressão na testa. Eu vim mais pra checar e não deixar acumular."
aperto_no_peito|isolamento_social,"De forma objetiva, eu tento levar, mas tem dias que pesa. Eu fico mais confortável sozinha ultimamente. Eu pensei que fosse fase, mas não está passando."
dor_de_cabeca_frequente|dor_muscular,"Olha, eu não queria exagerar, mas achei melhor comentar. Eu acordo com a cabeça pesada e isso vai e volta durante o dia. Minhas costas doem quase todo dia, principalmente lombar."
aperto_no_peito|risco_violencia_domestica,"Olha, eu percebi isso mais nas últimas semanas. Eu evito comentar certas coisas porque eu não sei como a outra pessoa vai reagir. Eu tenho essa sensação de aperto no peito, principalmente no fim do dia. Eu não queria exagerar, mas achei melhor comentar."
alteracao_do_aparelho_cardiovascular|alteracao_do_aparelho_digestivo|alteracao_do_aparelho_respiratorio|aperto_no_peito|fadiga_persistente,"Tenho notado que eu estou ficando preocupada porque está mais frequente. Eu fico muito cansada, com corpo pesado, todo dia. Tenho percebido palpitações e um mal-estar rápido. É como se algo estivesse pressionando aqui no meio do peito. Tenho sensação de garganta irritada e peito 'pesado' pra respirar. Eu pensei que fosse fase, mas não está passando."
dor_de_cabeca_frequente|fadiga_persistente,"Olha, eu percebi isso mais nas últimas semanas. Eu tenho dor de cabeça várias vezes na semana, tipo uma pressão na testa. Eu tenho exaustão diária e isso atrapalha minha rotina. Eu vim mais pra checar e não deixar acumular."
alteracao_do_aparelho_reprodutor|sintoma_hormonal,"Tipo, eu não queria exagerar, mas achei melhor comentar. Tenho cólicas mais fortes do que o normal e dor pélvica. Eu notei queda de cabelo e mudanças que parecem hormonais. Doutora, eu queria entender se isso é normal ou se eu deveria investigar."
fadiga_persistente|sintoma_hormonal,"Olha, eu não sei se é estresse, mas tem me incomodado bastante. Eu sinto que estou sempre no limite, sem bateria. Eu pensei que fosse fase, mas não está passando."
alteracao_do_aparelho_digestivo|alteracao_do_aparelho_reprodutor|dor_de_cabeca_frequente|fadiga_persistente|sintoma_hormonal,"Olha, eu estou ficando preocupada porque está mais frequente. A dor vem atrás dos olhos e piora com luz. Sinto inchaço e mudanças no corpo que eu acho que são hormonais. Sinto barriga inchada e uma sensação de digestão lenta. Meu ciclo encurtou e eu tive cólica forte. Eu tento levar, mas tem dias que pesa."
aperto_no_peito|isolamento_social,"Tipo, eu vim mais pra checar e não deixar acumular. Eu fico mais confortável sozinha ultimamente. Eu sinto um aperto no peito de vez em quando, como uma pressão. Eu vim mais pra checar e não deixar acumular."
dor_muscular|fadiga_persistente,"Sei lá, eu estou ficando preocupada porque está mais frequente. Minhas costas doem quase todo dia, principalmente lombar. Eu acordo cansada todo dia, mesmo quando durmo."
alteracao_do_aparelho_digestivo|alteracao_do_aparelho_respiratorio|fadiga_persistente,"Tipo, eu só queria uma orientação do que fazer. É um cansaço constante, não é só sono. Em alguns momentos eu sinto falta de ar e fico ansiosa junto. Tenho diarreia em alguns dias e fico fraca depois. Eu tento levar, mas tem dias que pesa."
alteracao_do_aparelho_digestivo|dor_de_cabeca_frequente,"Observei que eu só queria uma orientação do que fazer. É uma dor meio apertada, como se tivesse uma faixa na cabeça. Meu intestino está desregulado, alterna entre preso e solto. Eu pensei que fosse fase, mas não está passando."
alteracao_do_aparelho_reprodutor|aperto_no_peito|fadiga_persistente|sintoma_hormonal,"De forma objetiva, eu tento levar, mas tem dias que pesa. Quando fico nervosa, o peito aperta e demora a passar. Senti dor pélvica e o ciclo desregulou nas últimas semanas. É um cansaço constante, não é só sono. Eu estou ficando preocupada porque está mais frequente."
alteracao_do_aparelho_reprodutor|dor_de_cabeca_frequente|sintoma_hormonal,"Tenho notado que doutora, eu queria entender se isso é normal ou se eu deveria investigar. Parece que meu corpo está desregulado, eu atribuo a hormônios. Quando estou mais cansada, a dor aparece e demora pra ir embora. Sinto dor na parte baixa da barriga em alguns dias do mês. Eu tento levar, mas tem dias que pesa."
alteracao_do_aparelho_cardiovascular|aperto_no_peito,"Tipo, eu estou ficando preocupada porque está mais frequente. É como se algo estivesse pressionando aqui no meio do peito. Tenho sentido tontura e batimentos rápidos em alguns momentos. Eu vim mais pra checar e não deixar acumular."
dor_de_cabeca_frequente|dor_muscular|fadiga_persistente,"Tipo, eu só queria uma orientação do que fazer. Eu sinto que estou sempre no limite, sem bateria. Eu tenho tomado remédio pra dor de cabeça mais do que eu gostaria. Eu vim mais pra checar e não deixar acumular."
alteracao_do_aparelho_reprodutor|dor_de_cabeca_frequente|fadiga_persistente,"Ah doutora, eu tento levar, mas tem dias que pesa. Eu sinto que estou sempre no limite, sem bateria. Eu sinto uma dor de cabeça quase diária, principalmente quando estou tensa. Tenho sangramento irregular e cólicas que não eram assim antes. Eu vim mais pra checar e não deixar acumular."
alteracao_do_aparelho_digestivo|dor_de_cabeca_frequente|fadiga_persistente|isolamento_social|risco_violencia_domestica,"Tipo, eu percebi isso mais nas últimas semanas. Eu acordo com a cabeça pesada e isso vai e volta durante o dia. Eu tenho dado desculpa pra não sair, só pra ficar em silêncio. Tenho diarreia em alguns dias e fico fraca depois. Eu evito comentar certas coisas porque eu não sei como a outra pessoa vai reagir. Eu tento levar, mas tem dias que pesa."
alteracao_do_aparelho_digestivo|alteracao_do_aparelho_respiratorio|isolamento_social,"Tipo, eu não sei se é estresse, mas tem me incomodado bastante. Tenho tido tosse seca que vai e volta. Sinto barriga inchada e uma sensação de digestão lenta. Eu fico mais confortável sozinha ultimamente. Eu fico insegura se é algo sério."
alteracao_do_aparelho_digestivo|fadiga_persistente|isolamento_social,"Ah doutora, eu não sei se é estresse, mas tem me incomodado bastante. Eu sinto que estou sempre no limite, sem bateria. Eu tenho dado desculpa pra não sair, só pra ficar em silêncio. Tenho refluxo e queimação depois de comer. Eu pensei que fosse fase, mas não está passando."
alteracao_do_aparelho_cardiovascular|alteracao_do_aparelho_respiratorio|aperto_no_peito|dor_de_cabeca_frequente|risco_violencia_domestica,"Tipo, eu pensei que fosse fase, mas não está passando. Em casa eu prefiro ficar mais quieta pra não virar discussão. Eu sinto o coração disparar, mesmo parada. É como se algo estivesse pressionando aqui no meio do peito. Eu pensei que fosse fase, mas não está passando."
alteracao_do_aparelho_cardiovascular|aperto_no_peito|dor_muscular,"Sei lá, eu vim mais pra checar e não deixar acumular. Eu sinto o coração disparar, mesmo parada. Eu fico com o peito apertado e dá vontade de suspirar o tempo todo. Eu só queria uma orientação do que fazer."
alteracao_do_aparelho_digestivo|alteracao_do_aparelho_reprodutor|dor_muscular|fadiga_persistente|sintoma_hormonal,"Tipo, eu tento levar, mas tem dias que pesa. Meu corpo fica pesado e com dores, tipo 'quebrada'. Minha menstruação veio diferente, com manchas e dor. Sinto inchaço e mudanças no corpo que eu acho que são hormonais. Tenho dor no estômago e náusea principalmente à noite. Eu fico muito cansada, com corpo pesado, todo dia. Eu pensei que fosse fase, mas não está passando."
alteracao_do_aparelho_reprodutor|aperto_no_peito,"De forma objetiva, eu pensei que fosse fase, mas não está passando. Dá uma sensação de opressão no peito que me assusta um pouco. Tenho sangramento irregular e cólicas que não eram assim antes. Eu percebi isso mais nas últimas semanas."
alteracao_do_aparelho_digestivo|dor_muscular|fadiga_persistente,"Olha, eu estou ficando preocupada porque está mais frequente. Eu fico com o estômago embrulhado quando estou preocupada. As costas e o pescoço doem, principalmente depois de um dia longo. Eu acordo cansada todo dia, mesmo quando durmo."
fadiga_persistente|isolamento_social,"Tipo, eu não sei se é estresse, mas tem me incomodado bastante. Eu fico mais confortável sozinha ultimamente. Eu tenho exaustão diária e isso atrapalha minha rotina. Eu tento levar, mas tem dias que pesa."
dor_de_cabeca_frequente|dor_muscular,"Tipo, eu percebi isso mais nas últimas semanas. Meus ombros ficam doloridos e eu acordo rígida. Eu tenho tomado remédio pra dor de cabeça mais do que eu gostaria. Eu só queria uma orientação do que fazer."
dor_de_cabeca_frequente|dor_muscular,"De forma objetiva, doutora, eu queria entender se isso é normal ou se eu deveria investigar. Minhas costas doem quase todo dia, principalmente lombar. É uma dor meio apertada, como se tivesse uma faixa na cabeça. Eu só queria uma orientação do que fazer."
alteracao_do_aparelho_digestivo|alteracao_do_aparelho_reprodutor|dor_de_cabeca_frequente|sintoma_hormonal,"Nas últimas semanas eu fico insegura se é algo sério. Tenho cólicas mais fortes do que o normal e dor pélvica. Tenho oscilação de sintomas junto do meu ciclo, então penso em hormônio. Eu tenho dor de cabeça várias vezes na semana, tipo uma pressão na testa. Sinto estufamento, gases e desconforto no estômago. Eu fico insegura se é algo sério."
alteracao_do_aparelho_cardiovascular|alteracao_do_aparelho_digestivo|alteracao_do_aparelho_reprodutor|sintoma_hormonal,"Observei que doutora, eu queria entender se isso é normal ou se eu deveria investigar. Eu fico com o estômago embrulhado quando estou preocupada. Já aconteceu de eu sentir o coração irregular por alguns segundos. Meu ciclo ficou irregular e atrasou mais de uma vez. Eu vim mais pra checar e não deixar acumular."
alteracao_do_aparelho_cardiovascular|isolamento_social,"Tenho notado que eu não queria exagerar, mas achei melhor comentar. Eu tenho me isolado, não por raiva, só por falta de energia. Eu fico com o coração acelerado e mãos frias. Eu só queria uma orientação do que fazer."
isolamento_social|risco_violencia_domestica,"Ah doutora, eu não sei se é estresse, mas tem me incomodado bastante. Eu evito comentar certas coisas porque eu não sei como a outra pessoa vai reagir. Eu ando evitando sair e encontrar pessoas, até amigas próximas. Eu pensei que fosse fase, mas não está passando."
alteracao_do_aparelho_respiratorio|aperto_no_peito,"Observei que eu pensei que fosse fase, mas não está passando. Tenho sensação de garganta irritada e peito 'pesado' pra respirar. Eu não sei se é estresse, mas tem me incomodado bastante."
alteracao_do_aparelho_digestivo|sintoma_hormonal,"Tenho notado que eu estou ficando preocupada porque está mais frequente. Isso aparece em fases específicas, então eu suspeito de hormônio. Eu tenho sentido enjoo e azia com frequência. Eu só queria uma orientação do que fazer."
alteracao_do_aparelho_reprodutor|dor_de_cabeca_frequente|dor_muscular|sintoma_hormonal,"Olha, eu não queria exagerar, mas achei melhor comentar. Eu tive sangramento fora de hora e fiquei preocupada. Eu acordo com a cabeça pesada e isso vai e volta durante o dia. Isso aparece em fases específicas, então eu suspeito de hormônio. Eu fico insegura se é algo sério."
alteracao_do_aparelho_respiratorio|dor_de_cabeca_frequente|fadiga_persistente,"Tipo, eu tento levar, mas tem dias que pesa. Tem dias que é enxaqueca, fica latejando e me derruba. Tenho sensação de garganta irritada e peito 'pesado' pra respirar. Eu só queria uma orientação do que fazer."
alteracao_do_aparelho_reprodutor|isolamento_social|risco_violencia_domestica,"Sei lá, eu não queria exagerar, mas achei melhor comentar. Eu parei de ir em lugares que eu gostava, não tenho ânimo. Senti dor pélvica e o ciclo desregulou nas últimas semanas. Às vezes eu fico tensa só de pensar em falar como eu estou me sentindo em casa."
alteracao_do_aparelho_cardiovascular|dor_muscular,"Ah doutora, eu não sei se é estresse, mas tem me incomodado bastante. Eu fico com o coração acelerado e mãos frias. Eu sinto dor no corpo, como se eu tivesse carregado peso."
alteracao_do_aparelho_digestivo|alteracao_do_aparelho_respiratorio|aperto_no_peito|sintoma_hormonal,"Olha, eu pensei que fosse fase, mas não está passando. Minha respiração fica curta e eu preciso parar e respirar fundo. Tenho ondas de calor e suor noturno de vez em quando, acho que é hormonal. Quando fico nervosa, o peito aperta e demora a passar. Eu fico com o estômago embrulhado quando estou preocupada. Eu vim mais pra checar e não deixar acumular."
dor_de_cabeca_frequente|fadiga_persistente|isolamento_social|risco_violencia_domestica,"Então, eu tento levar, mas tem dias que pesa. Eu sinto que estou sempre no limite, sem bateria. Eu tenho medo de que qualquer coisa vire briga, então eu me calo. Eu fico mais confortável sozinha ultimamente. Quando estou mais cansada, a dor aparece e demora pra ir embora. Eu percebi isso mais nas últimas semanas."
dor_de_cabeca_frequente|risco_violencia_domestica,"Ah doutora, eu pensei que fosse fase, mas não está passando. Quando o clima muda em casa, eu sinto que é melhor não tocar em assunto nenhum. Tem dias que é enxaqueca, fica latejando e me derruba. Eu não sei se é estresse, mas tem me incomodado bastante."
alteracao_do_aparelho_digestivo|dor_de_cabeca_frequente|fadiga_persistente|sintoma_hormonal,"Sei lá, eu vim mais pra checar e não deixar acumular. Isso aparece em fases específicas, então eu suspeito de hormônio. Eu tenho exaustão diária e isso atrapalha minha rotina. Meu apetite mudou, tem dia que eu esqueço de comer. No fim da tarde minha cabeça pesa e a dor fica chata e constante. Eu pensei que fosse fase, mas não está passando."
alteracao_do_aparelho_digestivo|alteracao_do_aparelho_reprodutor|dor_de_cabeca_frequente|fadiga_persistente|sintoma_hormonal,"Percebi um padrão: doutora, eu queria entender se isso é normal ou se eu deveria investigar. Eu tenho dor de cabeça várias vezes na semana, tipo uma pressão na testa. Meu humor e meu corpo mudam juntos perto do ciclo, parece hormonal. Eu me sinto exausta desde cedo e vou piorando ao longo do dia. Tenho desconforto pélvico e sensação de inchaço abdominal baixo. Eu tenho sentido enjoo e azia com frequência. Eu não sei se é estresse, mas tem me incomodado bastante."
alteracao_do_aparelho_respiratorio|aperto_no_peito,"Sei lá, eu tento levar, mas tem dias que pesa. Parece que eu não consigo encher o pulmão direito em alguns momentos. Em alguns momentos meu peito aperta e eu fico mais tensa. Doutora, eu queria entender se isso é normal ou se eu deveria investigar."
dor_de_cabeca_frequente|fadiga_persistente,"De forma objetiva, eu vim mais pra checar e não deixar acumular. Eu sinto uma dor de cabeça quase diária, principalmente quando estou tensa. É um cansaço constante, não é só sono."
alteracao_do_aparelho_cardiovascular|aperto_no_peito|dor_de_cabeca_frequente|fadiga_persistente,"Sei lá, eu tento levar, mas tem dias que pesa. Eu tenho tomado remédio pra dor de cabeça mais do que eu gostaria. Eu fico muito cansada, com corpo pesado, todo dia. Meu coração acelera do nada e eu sinto palpitação. Eu vim mais pra checar e não deixar acumular."
alteracao_do_aparelho_digestivo|alteracao_do_aparelho_reprodutor|dor_de_cabeca_frequente|fadiga_persistente,"Percebi um padrão: eu só queria uma orientação do que fazer. Meu ciclo ficou irregular e atrasou mais de uma vez. Eu tenho sentido enjoo e azia com frequência. No fim da tarde minha cabeça pesa e a dor fica chata e constante. Eu fico muito cansada, com corpo pesado, todo dia. Eu estou ficando preocupada porque está mais frequente."
alteracao_do_aparelho_digestivo|fadiga_persistente|sintoma_hormonal,"Observei que eu tento levar, mas tem dias que pesa. Eu fico com o estômago embrulhado quando estou preocupada. Tenho ondas de calor e suor noturno de vez em quando, acho que é hormonal. É um cansaço que não melhora com descanso. Eu fico insegura se é algo sério."
alteracao_do_aparelho_cardiovascular|alteracao_do_aparelho_respiratorio|aperto_no_peito,"Então, eu pensei que fosse fase, mas não está passando. Em alguns momentos meu peito aperta e eu fico mais tensa. Tenho sentido tontura e batimentos rápidos em alguns momentos. Em alguns momentos eu sinto falta de ar e fico ansiosa junto. Doutora, eu queria entender se isso é normal ou se eu deveria investigar."
alteracao_do_aparelho_respiratorio|aperto_no_peito,"Percebi um padrão: eu não sei se é estresse, mas tem me incomodado bastante. Eu fico com o peito apertado e dá vontade de suspirar o tempo todo. Tenho tido tosse seca que vai e volta. Doutora, eu queria entender se isso é normal ou se eu deveria investigar."
alteracao_do_aparelho_cardiovascular|alteracao_do_aparelho_respiratorio|aperto_no_peito|dor_de_cabeca_frequente,"Nas últimas semanas eu pensei que fosse fase, mas não está passando. Eu sinto uma dor de cabeça quase diária, principalmente quando estou tensa. Eu sinto um peso no peito, não é dor forte, mas incomoda. Tenho sensação de garganta irritada e peito 'pesado' pra respirar. Eu tento levar, mas tem dias que pesa."
alteracao_do_aparelho_cardiovascular|dor_de_cabeca_frequente,"Então, eu percebi isso mais nas últimas semanas. Eu sinto um 'tranco' no coração e fico preocupada."
dor_de_cabeca_frequente|dor_muscular|fadiga_persistente,"Tenho notado que eu tento levar, mas tem dias que pesa. Doutora, eu queria entender se isso é normal ou se eu deveria investigar."
alteracao_do_aparelho_respiratorio|dor_muscular,"Sei lá, eu pensei que fosse fase, mas não está passando. Eu fico ofegante com esforço leve, o que não era comum pra mim. Eu fico com dor no ombro e no pescoço, parece que tudo trava. Eu tento levar, mas tem dias que pesa."
alteracao_do_aparelho_cardiovascular|aperto_no_peito|dor_muscular|risco_violencia_domestica,"Então, eu só queria uma orientação do que fazer. Meu pescoço e ombros ficam travados, como tensão acumulada. O peito fica apertado e eu sinto que preciso parar o que estou fazendo. Eu fico com o coração acelerado e mãos frias. Quando o clima muda em casa, eu sinto que é melhor não tocar em assunto nenhum."
alteracao_do_aparelho_reprodutor|sintoma_hormonal,"Observei que eu fico insegura se é algo sério. Parece que meu corpo está desregulado, eu atribuo a hormônios. Tenho sangramento irregular e cólicas que não eram assim antes. Doutora, eu queria entender se isso é normal ou se eu deveria investigar."
alteracao_do_aparelho_cardiovascular|dor_de_cabeca_frequente,"Então, eu não queria exagerar, mas achei melhor comentar. Minha cabeça dói com frequência e às vezes dá náusea junto."
dor_de_cabeca_frequente|fadiga_persistente|isolamento_social|risco_violencia_domestica,"Olha, eu não sei se é estresse, mas tem me incomodado bastante. Tenho respondido menos mensagens e preferido ficar no meu canto. É um cansaço que não melhora com descanso. Eu não gosto muito de entrar em detalhes, mas eu fico mais em alerta em casa. Tem dias que é enxaqueca, fica latejando e me derruba. Eu não queria exagerar, mas achei melhor comentar."
alteracao_do_aparelho_digestivo|fadiga_persistente,"Observei que eu pensei que fosse fase, mas não está passando. Mesmo em dias tranquilos eu estou esgotada. Eu não sei se é estresse, mas tem me incomodado bastante."
alteracao_do_aparelho_reprodutor|dor_de_cabeca_frequente|sintoma_hormonal,"Sei lá, eu tento levar, mas tem dias que pesa. Eu sinto uma dor de cabeça quase diária, principalmente quando estou tensa. Tenho desconforto pélvico e sensação de inchaço abdominal baixo. Eu notei queda de cabelo e mudanças que parecem hormonais. Eu percebi isso mais nas últimas semanas."
alteracao_do_aparelho_respiratorio|aperto_no_peito,"Então, eu tento levar, mas tem dias que pesa. Quando fico nervosa, o peito aperta e demora a passar. Minha respiração fica curta e eu preciso parar e respirar fundo. Eu tento levar, mas tem dias que pesa."
alteracao_do_aparelho_digestivo|alteracao_do_aparelho_respiratorio|fadiga_persistente|isolamento_social|sintoma_hormonal,"Então, eu percebi isso mais nas últimas semanas. Eu acordo com a garganta seca e uma tosse que incomoda. Eu fico sem energia o tempo inteiro, como se não recuperasse. Parece que meu corpo está desregulado, eu atribuo a hormônios. Eu ando evitando sair e encontrar pessoas, até amigas próximas. Sinto barriga inchada e uma sensação de digestão lenta. Eu não queria exagerar, mas achei melhor comentar."
alteracao_do_aparelho_cardiovascular|alteracao_do_aparelho_respiratorio|isolamento_social,"Então, doutora, eu queria entender se isso é normal ou se eu deveria investigar. Eu sinto o coração disparar, mesmo parada. Tenho tido tosse seca que vai e volta. Eu tenho me isolado, não por raiva, só por falta de energia. Eu tento levar, mas tem dias que pesa."
alteracao_do_aparelho_cardiovascular|alteracao_do_aparelho_digestivo|sintoma_hormonal,"Sei lá, eu vim mais pra checar e não deixar acumular. Tenho sensação de 'desbalanço' hormonal, difícil explicar. Doutora, eu queria entender se isso é normal ou se eu deveria investigar."
fadiga_persistente|isolamento_social,"De forma objetiva, eu não queria exagerar, mas achei melhor comentar. Mesmo em dias tranquilos eu estou esgotada. Eu parei de ir em lugares que eu gostava, não tenho ânimo."
alteracao_do_aparelho_digestivo|dor_de_cabeca_frequente|sintoma_hormonal,"Ah doutora, eu não sei se é estresse, mas tem me incomodado bastante. Eu sinto uma dor de cabeça quase diária, principalmente quando estou tensa. Eu notei queda de cabelo e mudanças que parecem hormonais. Ando com constipação e desconforto abdominal. Eu não sei se é estresse, mas tem me incomodado bastante."
alteracao_do_aparelho_digestivo|fadiga_persistente|risco_violencia_domestica,"Então, eu pensei que fosse fase, mas não está passando. Tenho diarreia em alguns dias e fico fraca depois. Eu tenho fadiga que dura semanas, sem melhora. Às vezes eu fico tensa só de pensar em falar como eu estou me sentindo em casa."
alteracao_do_aparelho_reprodutor|dor_de_cabeca_frequente|fadiga_persistente,"De forma objetiva, eu vim mais pra checar e não deixar acumular. Eu me sinto exausta desde cedo e vou piorando ao longo do dia. Notei mudança no fluxo menstrual, veio mais intenso. Eu fico insegura se é algo sério."
alteracao_do_aparelho_respiratorio|aperto_no_peito|risco_violencia_domestica,"Sei lá, eu não queria exagerar, mas achei melhor comentar. Quando fico nervosa, o peito aperta e demora a passar. Eu tenho medo de que qualquer coisa vire briga, então eu me calo. Tenho tido tosse seca que vai e volta. Eu estou ficando preocupada porque está mais frequente."
alteracao_do_aparelho_cardiovascular|aperto_no_peito,"De forma objetiva, eu pensei que fosse fase, mas não está passando. Sinto uma taquicardia curta e depois passa, mas assusta. Eu sinto um peso no peito, não é dor forte, mas incomoda. Eu pensei que fosse fase, mas não está passando."
alteracao_do_aparelho_reprodutor|dor_de_cabeca_frequente|fadiga_persistente|sintoma_hormonal,"Percebi um padrão: eu tento levar, mas tem dias que pesa. Tenho sangramento irregular e cólicas que não eram assim antes. Meu corpo parece diferente perto do ciclo, como se os hormônios mudassem tudo. Eu tenho fadiga que dura semanas, sem melhora. Eu estou ficando preocupada porque está mais frequente."
alteracao_do_aparelho_cardiovascular|alteracao_do_aparelho_respiratorio|aperto_no_peito,"Tipo, eu não sei se é estresse, mas tem me incomodado bastante. Quando fico nervosa, o peito aperta e demora a passar. Tenho sentido tontura e batimentos rápidos em alguns momentos. Parece que eu não consigo encher o pulmão direito em alguns momentos. Eu estou ficando preocupada porque está mais frequente."
dor_de_cabeca_frequente|dor_muscular,"Então, eu estou ficando preocupada porque está mais frequente. Eu tenho dor de cabeça várias vezes na semana, tipo uma pressão na testa. As costas e o pescoço doem, principalmente depois de um dia longo. Eu vim mais pra checar e não deixar acumular."
alteracao_do_aparelho_cardiovascular|aperto_no_peito,"Percebi um padrão: eu percebi isso mais nas últimas semanas. Meu coração acelera do nada e eu sinto palpitação. Eu tenho essa sensação de aperto no peito, principalmente no fim do dia. Eu não sei se é estresse, mas tem me incomodado bastante."
fadiga_persistente|sintoma_hormonal,"Tipo, eu não queria exagerar, mas achei melhor comentar. É um cansaço que não melhora com descanso. Isso aparece em fases específicas, então eu suspeito de hormônio. Eu tento levar, mas tem dias que pesa."
alteracao_do_aparelho_digestivo|alteracao_do_aparelho_reprodutor|dor_de_cabeca_frequente|fadiga_persistente,"Tenho notado que eu não sei se é estresse, mas tem me incomodado bastante. É uma dor meio apertada, como se tivesse uma faixa na cabeça. Ando com constipação e desconforto abdominal. Eu tenho exaustão diária e isso atrapalha minha rotina. Doutora, eu queria entender se isso é normal ou se eu deveria investigar."
alteracao_do_aparelho_cardiovascular|alteracao_do_aparelho_respiratorio|aperto_no_peito|dor_de_cabeca_frequente,"Então, eu tento levar, mas tem dias que pesa. Eu sinto um aperto no peito de vez em quando, como uma pressão. Quando estou mais cansada, a dor aparece e demora pra ir embora. Em alguns momentos eu sinto falta de ar e fico ansiosa junto. Tenho sentido tontura e batimentos rápidos em alguns momentos. Eu não sei se é estresse, mas tem me incomodado bastante."
alteracao_do_aparelho_digestivo|dor_muscular|fadiga_persistente|sintoma_hormonal,"Sei lá, eu tento levar, mas tem dias que pesa. Eu fico muito cansada, com corpo pesado, todo dia. Sinto estufamento, gases e desconforto no estômago. Tenho oscilação de sintomas junto do meu ciclo, então penso em hormônio. Meu pescoço e ombros ficam travados, como tensão acumulada. Eu estou ficando preocupada porque está mais frequente."
alteracao_do_aparelho_digestivo|dor_de_cabeca_frequente|fadiga_persistente|sintoma_hormonal,"Tenho notado que eu pensei que fosse fase, mas não está passando. Isso aparece em fases específicas, então eu suspeito de hormônio. É um cansaço que não melhora com descanso. A dor vem atrás dos olhos e piora com luz. Sinto barriga inchada e uma sensação de digestão lenta. Eu só queria uma orientação do que fazer."
alteracao_do_aparelho_cardiovascular|aperto_no_peito|dor_de_cabeca_frequente|risco_violencia_domestica,"Tipo, doutora, eu queria entender se isso é normal ou se eu deveria investigar. Dá uma sensação de opressão no peito que me assusta um pouco. Quando estou mais cansada, a dor aparece e demora pra ir embora. Eu sinto um 'tranco' no coração e fico preocupada. Eu evito comentar certas coisas porque eu não sei como a outra pessoa vai reagir. Eu vim mais pra checar e não deixar acumular."
aperto_no_peito|isolamento_social|risco_violencia_domestica,"Ah doutora, eu estou ficando preocupada porque está mais frequente. Eu tenho dado desculpa pra não sair, só pra ficar em silêncio. Eu fico com o peito apertado e dá vontade de suspirar o tempo todo. Eu tenho medo de que qualquer coisa vire briga, então eu me calo."
alteracao_do_aparelho_cardiovascular|alteracao_do_aparelho_respiratorio|aperto_no_peito,Observei que eu só queria uma orientação do que fazer. Eu fico com o coração acelerado e mãos frias. Dá uma sensação de opressão no peito que me assusta um pouco. Tenho sensação de garganta irritada e peito 'pesado' pra respirar. Eu só queria uma orientação do que fazer.
alteracao_do_aparelho_reprodutor|dor_de_cabeca_frequente|fadiga_persistente|sintoma_hormonal,"Sei lá, eu não queria exagerar, mas achei melhor comentar. É um cansaço que não melhora com descanso. Eu tive sangramento fora de hora e fiquei preocupada. Tenho ondas de calor e suor noturno de vez em quando, acho que é hormonal. Eu sinto uma dor de cabeça quase diária, principalmente quando estou tensa. Eu percebi isso mais nas últimas semanas."
alteracao_do_aparelho_reprodutor|fadiga_persistente|sintoma_hormonal,"Observei que eu pensei que fosse fase, mas não está passando. Eu fico sem energia o tempo inteiro, como se não recuperasse. Sinto inchaço e mudanças no corpo que eu acho que são hormonais. Sinto dor na parte baixa da barriga em alguns dias do mês. Eu só queria uma orientação do que fazer."
dor_de_cabeca_frequente|dor_muscular|fadiga_persistente,"Tenho notado que eu fico insegura se é algo sério. Eu sinto dor no corpo, como se eu tivesse carregado peso. Eu fico sem energia o tempo inteiro, como se não recuperasse. Minha cabeça dói com frequência e às vezes dá náusea junto. Eu fico insegura se é algo sério."
alteracao_do_aparelho_digestivo|isolamento_social,"Então, eu tento levar, mas tem dias que pesa. Eu não quero conversar com ninguém na maior parte dos dias. Tenho refluxo e queimação depois de comer. Eu percebi isso mais nas últimas semanas."
alteracao_do_aparelho_digestivo|alteracao_do_aparelho_reprodutor|dor_de_cabeca_frequente|fadiga_persistente|sintoma_hormonal,"De forma objetiva, eu vim mais pra checar e não deixar acumular. Tenho desconforto pélvico e sensação de inchaço abdominal baixo. Eu fico muito cansada, com corpo pesado, todo dia. Eu tenho dor de cabeça várias vezes na semana, tipo uma pressão na testa. Sinto estufamento, gases e desconforto no estômago. Sinto inchaço e mudanças no corpo que eu acho que são hormonais. Doutora, eu queria entender se isso é normal ou se eu deveria investigar."
alteracao_do_aparelho_digestivo|dor_de_cabeca_frequente,"Sei lá, eu pensei que fosse fase, mas não está passando. Tenho diarreia em alguns dias e fico fraca depois. Minha cabeça dói com frequência e às vezes dá náusea junto. Eu pensei que fosse fase, mas não está passando."
dor_de_cabeca_frequente|isolamento_social,"Ah doutora, eu pensei que fosse fase, mas não está passando. Tem dias que é enxaqueca, fica latejando e me derruba. Eu fico mais confortável sozinha ultimamente. Eu percebi isso mais nas últimas semanas."
aperto_no_peito|dor_de_cabeca_frequente|dor_muscular|fadiga_persistente|isolamento_social|risco_violencia_domestica,"Olha, eu não queria exagerar, mas achei melhor comentar. Eu tenho tomado remédio pra dor de cabeça mais do que eu gostaria. Eu sinto dor no corpo, como se eu tivesse carregado peso. Tenho respondido menos mensagens e preferido ficar no meu canto. Quando fico nervosa, o peito aperta e demora a passar. Eu me sinto exausta desde cedo e vou piorando ao longo do dia. Tem horas que eu prefiro não falar nada e só deixar passar. Eu vim mais pra checar e não deixar acumular."
alteracao_do_aparelho_digestivo|alteracao_do_aparelho_respiratorio,"Sei lá, eu percebi isso mais nas últimas semanas. Tenho refluxo e queimação depois de comer. Minha respiração fica curta e eu preciso parar e respirar fundo. Eu estou ficando preocupada porque está mais frequente."
alteracao_do_aparelho_cardiovascular|alteracao_do_aparelho_respiratorio|aperto_no_peito|dor_de_cabeca_frequente|fadiga_persistente,"Olha, eu tento levar, mas tem dias que pesa. Eu sinto falta de ar às vezes, como se a respiração ficasse curta. É um cansaço constante, não é só sono. Às vezes parece que meu peito fecha e eu preciso respirar fundo. Tem dias que é enxaqueca, fica latejando e me derruba. Tenho sentido tontura e batimentos rápidos em alguns momentos. Eu pensei que fosse fase, mas não está passando."
alteracao_do_aparelho_cardiovascular|sintoma_hormonal,"Tenho notado que doutora, eu queria entender se isso é normal ou se eu deveria investigar. Tenho ondas de calor e suor noturno de vez em quando, acho que é hormonal. Às vezes parece que meu coração está batendo forte demais. Eu não queria exagerar, mas achei melhor comentar."
alteracao_do_aparelho_reprodutor|risco_violencia_domestica|sintoma_hormonal,"Então, eu tento levar, mas tem dias que pesa. Às vezes eu fico tensa só de pensar em falar como eu estou me sentindo em casa. Tenho sensação de 'desbalanço' hormonal, difícil explicar. Notei mudança no fluxo menstrual, veio mais intenso. Eu tento levar, mas tem dias que pesa."
alteracao_do_aparelho_cardiovascular|alteracao_do_aparelho_respiratorio|aperto_no_peito,"Tipo, eu só queria uma orientação do que fazer. Sinto um chiado leve ao respirar, principalmente à noite. Eu fico com o peito apertado e dá vontade de suspirar o tempo todo. Tenho percebido palpitações e um mal-estar rápido. Eu estou ficando preocupada porque está mais frequente."
alteracao_do_aparelho_cardiovascular|aperto_no_peito,"Sei lá, eu percebi isso mais nas últimas semanas. Meu coração acelera do nada e eu sinto palpitação. Em alguns momentos meu peito aperta e eu fico mais tensa."
dor_de_cabeca_frequente|fadiga_persistente|sintoma_hormonal,"Percebi um padrão: doutora, eu queria entender se isso é normal ou se eu deveria investigar. Parece que meu corpo está desregulado, eu atribuo a hormônios. Eu tenho tomado remédio pra dor de cabeça mais do que eu gostaria. Eu fico muito cansada, com corpo pesado, todo dia. Doutora, eu queria entender se isso é normal ou se eu deveria investigar."
alteracao_do_aparelho_respiratorio|aperto_no_peito,Tenho notado que eu vim mais pra checar e não deixar acumular. Tenho tido tosse seca que vai e volta. O peito fica apertado e eu sinto que preciso parar o que estou fazendo. Eu percebi isso mais nas últimas semanas.
alteracao_do_aparelho_reprodutor|isolamento_social|risco_violencia_domestica,"Então, eu estou ficando preocupada porque está mais frequente. Meu ciclo encurtou e eu tive cólica forte. Eu não quero conversar com ninguém na maior parte dos dias. Às vezes eu fico tensa só de pensar em falar como eu estou me sentindo em casa. Doutora, eu queria entender se isso é normal ou se eu deveria investigar."
alteracao_do_aparelho_cardiovascular|dor_de_cabeca_frequente,"Nas últimas semanas eu não sei se é estresse, mas tem me incomodado bastante. É uma dor meio apertada, como se tivesse uma faixa na cabeça. Tenho episódios de batimento acelerado quando eu paro pra descansar. Eu percebi isso mais nas últimas semanas."
fadiga_persistente|isolamento_social|risco_violencia_domestica|sintoma_hormonal,"Tipo, eu fico insegura se é algo sério. Eu tenho exaustão diária e isso atrapalha minha rotina. Eu não gosto muito de entrar em detalhes, mas eu fico mais em alerta em casa. Tenho sensação de 'desbalanço' hormonal, difícil explicar. Eu parei de ir em lugares que eu gostava, não tenho ânimo. Eu tento levar, mas tem dias que pesa."
alteracao_do_aparelho_cardiovascular|alteracao_do_aparelho_respiratorio|aperto_no_peito,"Tipo, eu percebi isso mais nas últimas semanas. Eu fico com o coração acelerado e mãos frias. Em alguns momentos eu sinto falta de ar e fico ansiosa junto. Dá uma sensação de opressão no peito que me assusta um pouco. Eu fico insegura se é algo sério."
alteracao_do_aparelho_digestivo|fadiga_persistente|isolamento_social,"Observei que doutora, eu queria entender se isso é normal ou se eu deveria investigar. É um cansaço que não melhora com descanso. Ando com constipação e desconforto abdominal. Eu tenho me isolado, não por raiva, só por falta de energia."
alteracao_do_aparelho_reprodutor|alteracao_do_aparelho_respiratorio,"Sei lá, eu vim mais pra checar e não deixar acumular. Meu ciclo encurtou e eu tive cólica forte. Minha respiração fica curta e eu preciso parar e respirar fundo. Eu só queria uma orientação do que fazer."
alteracao_do_aparelho_digestivo|alteracao_do_aparelho_reprodutor|dor_de_cabeca_frequente|fadiga_persistente|sintoma_hormonal,"Nas últimas semanas eu vim mais pra checar e não deixar acumular. Eu fico muito cansada, com corpo pesado, todo dia. A dor vem atrás dos olhos e piora com luz. Eu fico com o estômago embrulhado quando estou preocupada. Minha menstruação veio diferente, com manchas e dor. Isso aparece em fases específicas, então eu suspeito de hormônio."
alteracao_do_aparelho_digestivo|fadiga_persistente,"Sei lá, eu tento levar, mas tem dias que pesa. Eu me sinto exausta desde cedo e vou piorando ao longo do dia. Sinto estufamento, gases e desconforto no estômago. Eu vim mais pra checar e não deixar acumular."
alteracao_do_aparelho_respiratorio|aperto_no_peito|dor_muscular,"Sei lá, eu não queria exagerar, mas achei melhor comentar. Eu fico ofegante com esforço leve, o que não era comum pra mim. Eu fico com dor no ombro e no pescoço, parece que tudo trava. O peito fica apertado e eu sinto que preciso parar o que estou fazendo. Eu fico insegura se é algo sério."
alteracao_do_aparelho_cardiovascular|isolamento_social,"Tipo, doutora, eu queria entender se isso é normal ou se eu deveria investigar. Sinto uma taquicardia curta e depois passa, mas assusta. Eu só queria uma orientação do que fazer."
alteracao_do_aparelho_reprodutor|isolamento_social|sintoma_hormonal,"Sei lá, eu tento levar, mas tem dias que pesa. Eu tenho me isolado, não por raiva, só por falta de energia. Sinto dor na parte baixa da barriga em alguns dias do mês. Parece que meu corpo está desregulado, eu atribuo a hormônios."
alteracao_do_aparelho_cardiovascular|dor_de_cabeca_frequente|isolamento_social,"Ah doutora, doutora, eu queria entender se isso é normal ou se eu deveria investigar. Tenho percebido palpitações e um mal-estar rápido. Eu não tenho muita vontade de ver gente, nem família. Eu sinto uma dor de cabeça quase diária, principalmente quando estou tensa. Eu só queria uma orientação do que fazer."
dor_muscular|fadiga_persistente,"Ah doutora, eu só queria uma orientação do que fazer. Meus ombros ficam doloridos e eu acordo rígida. Eu tenho exaustão diária e isso atrapalha minha rotina. Eu fico insegura se é algo sério."
alteracao_do_aparelho_digestivo|dor_de_cabeca_frequente,"Tipo, eu estou ficando preocupada porque está mais frequente. Eu tenho sentido enjoo e azia com frequência. Eu tenho tomado remédio pra dor de cabeça mais do que eu gostaria. Eu pensei que fosse fase, mas não está passando."
fadiga_persistente|isolamento_social,"Observei que eu não queria exagerar, mas achei melhor comentar. Eu acordo cansada todo dia, mesmo quando durmo. Eu não quero conversar com ninguém na maior parte dos dias. Eu não queria exagerar, mas achei melhor comentar."
alteracao_do_aparelho_digestivo|dor_de_cabeca_frequente|fadiga_persistente|isolamento_social,"Nas últimas semanas eu tento levar, mas tem dias que pesa. Eu tenho exaustão diária e isso atrapalha minha rotina. Eu tenho me isolado, não por raiva, só por falta de energia. Ando com constipação e desconforto abdominal. Eu percebi isso mais nas últimas semanas."
alteracao_do_aparelho_digestivo|dor_de_cabeca_frequente|fadiga_persistente|isolamento_social|risco_violencia_domestica,"Ah doutora, eu estou ficando preocupada porque está mais frequente. Eu tenho me isolado, não por raiva, só por falta de energia. Eu acabo evitando conversa em casa porque sinto que pode virar cobrança. Tenho dor no estômago e náusea principalmente à noite. Eu fico muito cansada, com corpo pesado, todo dia. Doutora, eu queria entender se isso é normal ou se eu deveria investigar."
fadiga_persistente|sintoma_hormonal,"Percebi um padrão: eu não sei se é estresse, mas tem me incomodado bastante. Eu tenho exaustão diária e isso atrapalha minha rotina. Doutora, eu queria entender se isso é normal ou se eu deveria investigar."
alteracao_do_aparelho_reprodutor|dor_de_cabeca_frequente|fadiga_persistente,"Tenho notado que doutora, eu queria entender se isso é normal ou se eu deveria investigar. Minha cabeça dói com frequência e às vezes dá náusea junto. Eu acordo cansada todo dia, mesmo quando durmo. Sinto dor na parte baixa da barriga em alguns dias do mês. Doutora, eu queria entender se isso é normal ou se eu deveria investigar."
alteracao_do_aparelho_cardiovascular|alteracao_do_aparelho_reprodutor|dor_de_cabeca_frequente|fadiga_persistente|sintoma_hormonal,"De forma objetiva, eu não queria exagerar, mas achei melhor comentar. Tenho sangramento irregular e cólicas que não eram assim antes. Tem dias que é enxaqueca, fica latejando e me derruba. Às vezes parece que meu coração está batendo forte demais. É um cansaço constante, não é só sono. Eu estou ficando preocupada porque está mais frequente."
dor_muscular|fadiga_persistente|sintoma_hormonal,"Tenho notado que eu tento levar, mas tem dias que pesa. Eu fico sem energia o tempo inteiro, como se não recuperasse. Meus ombros ficam doloridos e eu acordo rígida. Eu sinto que tem algo hormonal, porque isso piora em certas fases do mês."
dor_de_cabeca_frequente|fadiga_persistente|sintoma_hormonal,"Tenho notado que eu fico insegura se é algo sério. Tem dias que é enxaqueca, fica latejando e me derruba. Eu tenho fadiga que dura semanas, sem melhora. Tenho ondas de calor e suor noturno de vez em quando, acho que é hormonal. Eu pensei que fosse fase, mas não está passando."
fadiga_persistente|isolamento_social,"Tenho notado que doutora, eu queria entender se isso é normal ou se eu deveria investigar. Eu não quero conversar com ninguém na maior parte dos dias. Eu pensei que fosse fase, mas não está passando."
alteracao_do_aparelho_reprodutor|alteracao_do_aparelho_respiratorio|dor_de_cabeca_frequente|fadiga_persistente|sintoma_hormonal,"Observei que eu não sei se é estresse, mas tem me incomodado bastante. A dor vem atrás dos olhos e piora com luz. Minha respiração fica curta e eu preciso parar e respirar fundo. Meu corpo parece diferente perto do ciclo, como se os hormônios mudassem tudo. Eu me sinto exausta desde cedo e vou piorando ao longo do dia. Notei mudança no fluxo menstrual, veio mais intenso. Eu pensei que fosse fase, mas não está passando."
alteracao_do_aparelho_digestivo|alteracao_do_aparelho_reprodutor|sintoma_hormonal,"Tipo, eu tento levar, mas tem dias que pesa. Eu tenho sentido enjoo e azia com frequência. Tenho cólicas mais fortes do que o normal e dor pélvica. Tenho sensação de 'desbalanço' hormonal, difícil explicar. Eu não sei se é estresse, mas tem me incomodado bastante."
alteracao_do_aparelho_digestivo|dor_de_cabeca_frequente,"Sei lá, eu percebi isso mais nas últimas semanas. É uma dor meio apertada, como se tivesse uma faixa na cabeça. Eu vim mais pra checar e não deixar acumular."
dor_de_cabeca_frequente|dor_muscular|sintoma_hormonal,"Observei que eu vim mais pra checar e não deixar acumular. Tem dias que é enxaqueca, fica latejando e me derruba. Meu corpo parece diferente perto do ciclo, como se os hormônios mudassem tudo. Minhas costas doem quase todo dia, principalmente lombar. Doutora, eu queria entender se isso é normal ou se eu deveria investigar."
alteracao_do_aparelho_cardiovascular|aperto_no_peito,"Então, eu estou ficando preocupada porque está mais frequente. Já aconteceu de eu sentir o coração irregular por alguns segundos. Eu pensei que fosse fase, mas não está passando."
alteracao_do_aparelho_cardiovascular|alteracao_do_aparelho_respiratorio,"Então, eu tento levar, mas tem dias que pesa. Tenho episódios de batimento acelerado quando eu paro pra descansar. Eu não queria exagerar, mas achei melhor comentar."
alteracao_do_aparelho_cardiovascular|alteracao_do_aparelho_respiratorio|aperto_no_peito|dor_de_cabeca_frequente|fadiga_persistente,"Tenho notado que eu estou ficando preocupada porque está mais frequente. Às vezes parece que meu coração está batendo forte demais. Tenho tido tosse seca que vai e volta. Dá uma sensação de opressão no peito que me assusta um pouco. Minha cabeça dói com frequência e às vezes dá náusea junto. Eu fico sem energia o tempo inteiro, como se não recuperasse. Eu tento levar, mas tem dias que pesa."
aperto_no_peito|dor_de_cabeca_frequente|isolamento_social|risco_violencia_domestica,"Então, eu estou ficando preocupada porque está mais frequente. Minha cabeça dói com frequência e às vezes dá náusea junto. Às vezes parece que meu peito fecha e eu preciso respirar fundo. Eu ando evitando sair e encontrar pessoas, até amigas próximas. Eu evito comentar certas coisas porque eu não sei como a outra pessoa vai reagir. Doutora, eu queria entender se isso é normal ou se eu deveria investigar."
alteracao_do_aparelho_reprodutor|fadiga_persistente|sintoma_hormonal,"Percebi um padrão: eu tento levar, mas tem dias que pesa. Eu notei queda de cabelo e mudanças que parecem hormonais. Eu me sinto exausta desde cedo e vou piorando ao longo do dia. Tenho cólicas mais fortes do que o normal e dor pélvica. Eu vim mais pra checar e não deixar acumular."
alteracao_do_aparelho_reprodutor|dor_de_cabeca_frequente|dor_muscular|fadiga_persistente|sintoma_hormonal,"Observei que doutora, eu queria entender se isso é normal ou se eu deveria investigar. Meu pescoço e ombros ficam travados, como tensão acumulada. Meu ciclo encurtou e eu tive cólica forte. Eu acordo com a cabeça pesada e isso vai e volta durante o dia. Tenho oscilação de sintomas junto do meu ciclo, então penso em hormônio."
alteracao_do_aparelho_cardiovascular|aperto_no_peito|dor_de_cabeca_frequente,"Olha, eu fico insegura se é algo sério. Quando estou mais cansada, a dor aparece e demora pra ir embora. Eu sinto um aperto no peito de vez em quando, como uma pressão. Às vezes parece que meu coração está batendo forte demais. Eu percebi isso mais nas últimas semanas."
alteracao_do_aparelho_cardiovascular|aperto_no_peito|dor_de_cabeca_frequente,"Ah doutora, eu não sei se é estresse, mas tem me incomodado bastante. Eu tenho tomado remédio pra dor de cabeça mais do que eu gostaria. Já aconteceu de eu sentir o coração irregular por alguns segundos. Quando fico nervosa, o peito aperta e demora a passar. Eu fico insegura se é algo sério."
alteracao_do_aparelho_respiratorio|aperto_no_peito,"De forma objetiva, eu estou ficando preocupada porque está mais frequente. Minha respiração fica curta e eu preciso parar e respirar fundo. Eu fico com o peito apertado e dá vontade de suspirar o tempo todo."
alteracao_do_aparelho_cardiovascular|alteracao_do_aparelho_digestivo|aperto_no_peito|dor_de_cabeca_frequente|sintoma_hormonal,"Observei que eu estou ficando preocupada porque está mais frequente. Eu acordo com a cabeça pesada e isso vai e volta durante o dia. É como se algo estivesse pressionando aqui no meio do peito. Meu coração acelera do nada e eu sinto palpitação. Tenho dor no estômago e náusea principalmente à noite. Eu não queria exagerar, mas achei melhor comentar."
alteracao_do_aparelho_respiratorio|aperto_no_peito,"Tenho notado que eu estou ficando preocupada porque está mais frequente. Dá uma sensação de opressão no peito que me assusta um pouco. Parece que eu não consigo encher o pulmão direito em alguns momentos. Eu não sei se é estresse, mas tem me incomodado bastante."
alteracao_do_aparelho_respiratorio|aperto_no_peito,"Ah doutora, eu não sei se é estresse, mas tem me incomodado bastante. Tenho tido tosse seca que vai e volta. É como se algo estivesse pressionando aqui no meio do peito. Eu estou ficando preocupada porque está mais frequente."
dor_muscular|fadiga_persistente|sintoma_hormonal,"Tenho notado que eu estou ficando preocupada porque está mais frequente. Meu corpo parece diferente perto do ciclo, como se os hormônios mudassem tudo. Eu sinto dor no corpo, como se eu tivesse carregado peso. Doutora, eu queria entender se isso é normal ou se eu deveria investigar."
alteracao_do_aparelho_cardiovascular|alteracao_do_aparelho_digestivo|alteracao_do_aparelho_reprodutor|alteracao_do_aparelho_respiratorio|aperto_no_peito,"Então, eu não sei se é estresse, mas tem me incomodado bastante. Às vezes parece que meu peito fecha e eu preciso respirar fundo. Sinto barriga inchada e uma sensação de digestão lenta. Eu sinto um 'tranco' no coração e fico preocupada. Senti dor pélvica e o ciclo desregulou nas últimas semanas. Sinto um chiado leve ao respirar, principalmente à noite. Eu só queria uma orientação do que fazer."
alteracao_do_aparelho_digestivo|alteracao_do_aparelho_reprodutor|dor_de_cabeca_frequente|sintoma_hormonal,"Tenho notado que eu tento levar, mas tem dias que pesa. Tenho cólicas mais fortes do que o normal e dor pélvica. Meu corpo parece diferente perto do ciclo, como se os hormônios mudassem tudo. A dor vem atrás dos olhos e piora com luz. Eu fico insegura se é algo sério."
dor_de_cabeca_frequente|dor_muscular|fadiga_persistente,"Percebi um padrão: eu pensei que fosse fase, mas não está passando. Minhas costas doem quase todo dia, principalmente lombar. É um cansaço que não melhora com descanso. Eu sinto uma dor de cabeça quase diária, principalmente quando estou tensa. Eu estou ficando preocupada porque está mais frequente."
dor_de_cabeca_frequente|fadiga_persistente|risco_violencia_domestica,"Sei lá, eu tento levar, mas tem dias que pesa. Quando o clima muda em casa, eu sinto que é melhor não tocar em assunto nenhum. Eu fico sem energia o tempo inteiro, como se não recuperasse. Eu estou ficando preocupada porque está mais frequente."
alteracao_do_aparelho_digestivo|dor_de_cabeca_frequente|fadiga_persistente|sintoma_hormonal,"De forma objetiva, eu percebi isso mais nas últimas semanas. Tenho diarreia em alguns dias e fico fraca depois. Parece que meu corpo está desregulado, eu atribuo a hormônios. Eu fico muito cansada, com corpo pesado, todo dia. Eu estou ficando preocupada porque está mais frequente."
alteracao_do_aparelho_cardiovascular|alteracao_do_aparelho_digestivo|alteracao_do_aparelho_respiratorio|aperto_no_peito|isolamento_social,"Então, eu não queria exagerar, mas achei melhor comentar. Tenho diarreia em alguns dias e fico fraca depois. Eu ando evitando sair e encontrar pessoas, até amigas próximas. Quando fico nervosa, o peito aperta e demora a passar. Já aconteceu de eu sentir o coração irregular por alguns segundos. Minha respiração fica curta e eu preciso parar e respirar fundo. Eu tento levar, mas tem dias que pesa."
alteracao_do_aparelho_digestivo|dor_de_cabeca_frequente|fadiga_persistente|sintoma_hormonal,"Então, eu só queria uma orientação do que fazer. Eu tenho exaustão diária e isso atrapalha minha rotina. Eu acordo com a cabeça pesada e isso vai e volta durante o dia. Tenho diarreia em alguns dias e fico fraca depois. Eu fico insegura se é algo sério."
dor_de_cabeca_frequente|dor_muscular,"Ah doutora, eu percebi isso mais nas últimas semanas. Eu tenho dor de cabeça várias vezes na semana, tipo uma pressão na testa. Meu pescoço e ombros ficam travados, como tensão acumulada."
alteracao_do_aparelho_respiratorio|dor_de_cabeca_frequente|dor_muscular|fadiga_persistente,"Ah doutora, eu não sei se é estresse, mas tem me incomodado bastante. Mesmo em dias tranquilos eu estou esgotada. Meus ombros ficam doloridos e eu acordo rígida. Eu acordo com a garganta seca e uma tosse que incomoda. Quando estou mais cansada, a dor aparece e demora pra ir embora. Doutora, eu queria entender se isso é normal ou se eu deveria investigar."
alteracao_do_aparelho_cardiovascular|aperto_no_peito,"Sei lá, doutora, eu queria entender se isso é normal ou se eu deveria investigar. Meu coração acelera do nada e eu sinto palpitação. Eu sinto um aperto no peito de vez em quando, como uma pressão. Doutora, eu queria entender se isso é normal ou se eu deveria investigar."
dor_de_cabeca_frequente|dor_muscular|fadiga_persistente,"Então, eu pensei que fosse fase, mas não está passando. Eu fico sem energia o tempo inteiro, como se não recuperasse. As costas e o pescoço doem, principalmente depois de um dia longo. Eu acordo com a cabeça pesada e isso vai e volta durante o dia. Eu estou ficando preocupada porque está mais frequente."
alteracao_do_aparelho_digestivo|dor_muscular|fadiga_persistente,"Olha, eu não sei se é estresse, mas tem me incomodado bastante. Eu sinto dor no corpo, como se eu tivesse carregado peso. Eu fico muito cansada, com corpo pesado, todo dia. Tenho diarreia em alguns dias e fico fraca depois. Eu não queria exagerar, mas achei melhor comentar."
dor_de_cabeca_frequente|dor_muscular,"De forma objetiva, eu só queria uma orientação do que fazer. Minha musculatura fica dolorida e às vezes eu tenho câimbra. Minha cabeça dói com frequência e às vezes dá náusea junto. Eu estou ficando preocupada porque está mais frequente."
alteracao_do_aparelho_digestivo|fadiga_persistente|sintoma_hormonal,"Tipo, eu vim mais pra checar e não deixar acumular. Tenho refluxo e queimação depois de comer. Eu acordo cansada todo dia, mesmo quando durmo. Tenho sensação de 'desbalanço' hormonal, difícil explicar."
alteracao_do_aparelho_cardiovascular|alteracao_do_aparelho_respiratorio|aperto_no_peito|dor_de_cabeca_frequente,"Olha, eu vim mais pra checar e não deixar acumular. Às vezes parece que meu coração está batendo forte demais. Eu acordo com a garganta seca e uma tosse que incomoda. Doutora, eu queria entender se isso é normal ou se eu deveria investigar."
alteracao_do_aparelho_respiratorio|aperto_no_peito,Percebi um padrão: eu percebi isso mais nas últimas semanas. O peito fica apertado e eu sinto que preciso parar o que estou fazendo. Eu vim mais pra checar e não deixar acumular.
alteracao_do_aparelho_reprodutor|dor_de_cabeca_frequente|fadiga_persistente,"Nas últimas semanas eu estou ficando preocupada porque está mais frequente. É uma dor meio apertada, como se tivesse uma faixa na cabeça. Senti dor pélvica e o ciclo desregulou nas últimas semanas. Eu tenho exaustão diária e isso atrapalha minha rotina. Doutora, eu queria entender se isso é normal ou se eu deveria investigar."
alteracao_do_aparelho_cardiovascular|alteracao_do_aparelho_respiratorio|aperto_no_peito|dor_de_cabeca_frequente|isolamento_social|risco_violencia_domestica,"Olha, eu só queria uma orientação do que fazer. A dor vem atrás dos olhos e piora com luz. Tenho percebido palpitações e um mal-estar rápido. Tem horas que eu prefiro não falar nada e só deixar passar. Eu fico ofegante com esforço leve, o que não era comum pra mim. É como se algo estivesse pressionando aqui no meio do peito. Eu fico mais confortável sozinha ultimamente. Eu não sei se é estresse, mas tem me incomodado bastante."
alteracao_do_aparelho_digestivo|alteracao_do_aparelho_respiratorio,Percebi um padrão: eu vim mais pra checar e não deixar acumular. Tenho refluxo e queimação depois de comer. Eu acordo com a garganta seca e uma tosse que incomoda.
alteracao_do_aparelho_respiratorio|dor_muscular,"Sei lá, eu só queria uma orientação do que fazer. Minha respiração fica curta e eu preciso parar e respirar fundo. Meu corpo fica pesado e com dores, tipo 'quebrada'. Eu vim mais pra checar e não deixar acumular."
aperto_no_peito|dor_de_cabeca_frequente|fadiga_persistente|sintoma_hormonal,"Percebi um padrão: eu pensei que fosse fase, mas não está passando. Eu me sinto exausta desde cedo e vou piorando ao longo do dia. O peito fica apertado e eu sinto que preciso parar o que estou fazendo. Meu humor e meu corpo mudam juntos perto do ciclo, parece hormonal. A dor vem atrás dos olhos e piora com luz. Eu só queria uma orientação do que fazer."
fadiga_persistente|sintoma_hormonal,"Ah doutora, eu não sei se é estresse, mas tem me incomodado bastante. Eu sinto que estou sempre no limite, sem bateria. Eu sinto que tem algo hormonal, porque isso piora em certas fases do mês."
alteracao_do_aparelho_reprodutor|alteracao_do_aparelho_respiratorio|fadiga_persistente,"De forma objetiva, eu pensei que fosse fase, mas não está passando. Quando deito, às vezes sinto que a respiração fica mais difícil. Sinto dor na parte baixa da barriga em alguns dias do mês. Mesmo em dias tranquilos eu estou esgotada. Eu pensei que fosse fase, mas não está passando."
alteracao_do_aparelho_reprodutor|dor_de_cabeca_frequente|fadiga_persistente|sintoma_hormonal,"Sei lá, eu percebi isso mais nas últimas semanas. Eu tive sangramento fora de hora e fiquei preocupada. Eu tenho dor de cabeça várias vezes na semana, tipo uma pressão na testa. Sinto inchaço e mudanças no corpo que eu acho que são hormonais. Eu fico muito cansada, com corpo pesado, todo dia. Eu estou ficando preocupada porque está mais frequente."
alteracao_do_aparelho_digestivo|aperto_no_peito|isolamento_social,"Ah doutora, eu fico insegura se é algo sério. Eu tenho sentido enjoo e azia com frequência. Eu parei de ir em lugares que eu gostava, não tenho ânimo."
dor_de_cabeca_frequente|sintoma_hormonal,"Percebi um padrão: eu percebi isso mais nas últimas semanas. Meu humor e meu corpo mudam juntos perto do ciclo, parece hormonal. No fim da tarde minha cabeça pesa e a dor fica chata e constante. Eu tento levar, mas tem dias que pesa."
alteracao_do_aparelho_cardiovascular|alteracao_do_aparelho_respiratorio|aperto_no_peito,"Então, eu fico insegura se é algo sério. Sinto uma taquicardia curta e depois passa, mas assusta. Eu fico com o peito apertado e dá vontade de suspirar o tempo todo. Sinto um chiado leve ao respirar, principalmente à noite. Eu tento levar, mas tem dias que pesa."
alteracao_do_aparelho_digestivo|dor_de_cabeca_frequente|sintoma_hormonal,"Percebi um padrão: eu percebi isso mais nas últimas semanas. Ando com constipação e desconforto abdominal. Tem dias que é enxaqueca, fica latejando e me derruba. Eu tento levar, mas tem dias que pesa."
alteracao_do_aparelho_digestivo|alteracao_do_aparelho_reprodutor|fadiga_persistente,"Sei lá, doutora, eu queria entender se isso é normal ou se eu deveria investigar. Meu apetite mudou, tem dia que eu esqueço de comer. Meu ciclo ficou irregular e atrasou mais de uma vez. Eu tento levar, mas tem dias que pesa."
aperto_no_peito|isolamento_social|risco_violencia_domestica,"Sei lá, eu só queria uma orientação do que fazer. Eu tenho dado desculpa pra não sair, só pra ficar em silêncio. Eu tenho essa sensação de aperto no peito, principalmente no fim do dia. Quando o clima muda em casa, eu sinto que é melhor não tocar em assunto nenhum."
dor_de_cabeca_frequente|sintoma_hormonal,"Sei lá, eu vim mais pra checar e não deixar acumular. A dor vem atrás dos olhos e piora com luz. Eu notei queda de cabelo e mudanças que parecem hormonais. Eu estou ficando preocupada porque está mais frequente."
alteracao_do_aparelho_digestivo|dor_de_cabeca_frequente|dor_muscular|fadiga_persistente,"Tenho notado que eu estou ficando preocupada porque está mais frequente. Meus ombros ficam doloridos e eu acordo rígida. Sinto estufamento, gases e desconforto no estômago. Eu acordo com a cabeça pesada e isso vai e volta durante o dia. Eu me sinto exausta desde cedo e vou piorando ao longo do dia."
fadiga_persistente|isolamento_social,"Percebi um padrão: eu estou ficando preocupada porque está mais frequente. Eu fico mais confortável sozinha ultimamente. Eu tenho exaustão diária e isso atrapalha minha rotina. Eu não sei se é estresse, mas tem me incomodado bastante."
fadiga_persistente|isolamento_social,"Tenho notado que eu estou ficando preocupada porque está mais frequente. Tenho respondido menos mensagens e preferido ficar no meu canto. É um cansaço que não melhora com descanso. Eu tento levar, mas tem dias que pesa."
alteracao_do_aparelho_digestivo|aperto_no_peito|isolamento_social,"Percebi um padrão: eu vim mais pra checar e não deixar acumular. Eu fico mais confortável sozinha ultimamente. É como se algo estivesse pressionando aqui no meio do peito. Tenho refluxo e queimação depois de comer. Eu tento levar, mas tem dias que pesa."
dor_muscular|fadiga_persistente,"Nas últimas semanas eu percebi isso mais nas últimas semanas. Eu sinto que estou sempre no limite, sem bateria. Eu sinto muita tensão no pescoço e isso desce para as costas. Eu estou ficando preocupada porque está mais frequente."
alteracao_do_aparelho_digestivo|alteracao_do_aparelho_reprodutor|dor_de_cabeca_frequente|fadiga_persistente,"De forma objetiva, eu pensei que fosse fase, mas não está passando. Sinto dor na parte baixa da barriga em alguns dias do mês. Tenho refluxo e queimação depois de comer. Mesmo em dias tranquilos eu estou esgotada. Doutora, eu queria entender se isso é normal ou se eu deveria investigar."
dor_de_cabeca_frequente|dor_muscular|fadiga_persistente,"Olha, eu vim mais pra checar e não deixar acumular. Eu sinto que estou sempre no limite, sem bateria. Tem dias que é enxaqueca, fica latejando e me derruba. Eu fico com dor no ombro e no pescoço, parece que tudo trava. Eu não queria exagerar, mas achei melhor comentar."
alteracao_do_aparelho_cardiovascular|alteracao_do_aparelho_respiratorio|aperto_no_peito|dor_de_cabeca_frequente,"Nas últimas semanas eu não queria exagerar, mas achei melhor comentar. Sinto uma taquicardia curta e depois passa, mas assusta. Dá uma sensação de opressão no peito que me assusta um pouco. Eu só queria uma orientação do que fazer."
aperto_no_peito|dor_de_cabeca_frequente,"De forma objetiva, eu estou ficando preocupada porque está mais frequente. No fim da tarde minha cabeça pesa e a dor fica chata e constante. Eu sinto um peso no peito, não é dor forte, mas incomoda. Eu vim mais pra checar e não deixar acumular."
alteracao_do_aparelho_respiratorio|aperto_no_peito|risco_violencia_domestica,"Olha, eu vim mais pra checar e não deixar acumular. Em alguns momentos meu peito aperta e eu fico mais tensa. Minha respiração fica curta e eu preciso parar e respirar fundo. Eu não gosto muito de entrar em detalhes, mas eu fico mais em alerta em casa. Doutora, eu queria entender se isso é normal ou se eu deveria investigar."
alteracao_do_aparelho_digestivo|dor_de_cabeca_frequente|sintoma_hormonal,"Olha, eu tento levar, mas tem dias que pesa. Sinto inchaço e mudanças no corpo que eu acho que são hormonais. No fim da tarde minha cabeça pesa e a dor fica chata e constante. Eu vim mais pra checar e não deixar acumular."
alteracao_do_aparelho_digestivo|alteracao_do_aparelho_reprodutor|fadiga_persistente|sintoma_hormonal,"Tenho notado que doutora, eu queria entender se isso é normal ou se eu deveria investigar. Parece que meu corpo está desregulado, eu atribuo a hormônios. Sinto dor na parte baixa da barriga em alguns dias do mês. Tenho dor no estômago e náusea principalmente à noite. Eu tenho fadiga que dura semanas, sem melhora. Eu pensei que fosse fase, mas não está passando."
isolamento_social|sintoma_hormonal,"Ah doutora, eu não queria exagerar, mas achei melhor comentar. Eu me afastei um pouco das minhas amigas sem perceber. Meu humor e meu corpo mudam juntos perto do ciclo, parece hormonal. Eu vim mais pra checar e não deixar acumular."
alteracao_do_aparelho_cardiovascular|aperto_no_peito|dor_de_cabeca_frequente|isolamento_social|risco_violencia_domestica,"Então, eu só queria uma orientação do que fazer. Eu acordo com a cabeça pesada e isso vai e volta durante o dia. Eu sinto um 'tranco' no coração e fico preocupada. Eu não quero conversar com ninguém na maior parte dos dias. O peito fica apertado e eu sinto que preciso parar o que estou fazendo. Eu tenho medo de que qualquer coisa vire briga, então eu me calo. Eu percebi isso mais nas últimas semanas."
alteracao_do_aparelho_cardiovascular|dor_muscular,"Ah doutora, eu pensei que fosse fase, mas não está passando. Eu sinto o coração disparar, mesmo parada. Meu pescoço e ombros ficam travados, como tensão acumulada. Eu fico insegura se é algo sério."
dor_de_cabeca_frequente|risco_violencia_domestica,"Então, eu percebi isso mais nas últimas semanas. Tem dias que é enxaqueca, fica latejando e me derruba. Eu acabo evitando conversa em casa porque sinto que pode virar cobrança. Eu vim mais pra checar e não deixar acumular."
alteracao_do_aparelho_reprodutor|aperto_no_peito,"Ah doutora, eu só queria uma orientação do que fazer. Tenho cólicas mais fortes do que o normal e dor pélvica. Quando fico nervosa, o peito aperta e demora a passar."
dor_de_cabeca_frequente|dor_muscular|fadiga_persistente,"Olha, eu não queria exagerar, mas achei melhor comentar. Eu sinto dor no corpo, como se eu tivesse carregado peso. É uma dor meio apertada, como se tivesse uma faixa na cabeça. Eu acordo cansada todo dia, mesmo quando durmo."
alteracao_do_aparelho_digestivo|aperto_no_peito|dor_de_cabeca_frequente|fadiga_persistente|sintoma_hormonal,"Ah doutora, eu pensei que fosse fase, mas não está passando. No fim da tarde minha cabeça pesa e a dor fica chata e constante. Tenho dor no estômago e náusea principalmente à noite. Quando fico nervosa, o peito aperta e demora a passar. Eu fico muito cansada, com corpo pesado, todo dia. Eu fico insegura se é algo sério."
alteracao_do_aparelho_digestivo|dor_muscular|fadiga_persistente,"Tenho notado que doutora, eu queria entender se isso é normal ou se eu deveria investigar. Eu sinto que estou sempre no limite, sem bateria. Meu pescoço e ombros ficam travados, como tensão acumulada. Sinto estufamento, gases e desconforto no estômago. Eu pensei que fosse fase, mas não está passando."
alteracao_do_aparelho_cardiovascular|alteracao_do_aparelho_digestivo|isolamento_social,"Observei que eu só queria uma orientação do que fazer. Às vezes parece que meu coração está batendo forte demais. Eu fico mais confortável sozinha ultimamente. Sinto barriga inchada e uma sensação de digestão lenta. Eu não sei se é estresse, mas tem me incomodado bastante."
aperto_no_peito|isolamento_social|risco_violencia_domestica,"Então, eu não sei se é estresse, mas tem me incomodado bastante. Eu tenho essa sensação de aperto no peito, principalmente no fim do dia. Eu tenho me isolado, não por raiva, só por falta de energia. Em casa eu prefiro ficar mais quieta pra não virar discussão. Eu estou ficando preocupada porque está mais frequente."
alteracao_do_aparelho_digestivo|fadiga_persistente|isolamento_social,"Então, eu não sei se é estresse, mas tem me incomodado bastante. Eu fico sem energia o tempo inteiro, como se não recuperasse. Meu apetite mudou, tem dia que eu esqueço de comer. Eu me afastei um pouco das minhas amigas sem perceber."
alteracao_do_aparelho_cardiovascular|alteracao_do_aparelho_reprodutor|aperto_no_peito,"Nas últimas semanas eu pensei que fosse fase, mas não está passando. Tenho episódios de batimento acelerado quando eu paro pra descansar. Eu sinto um aperto no peito de vez em quando, como uma pressão. Eu fico insegura se é algo sério."
alteracao_do_aparelho_cardiovascular|risco_violencia_domestica,"Ah doutora, eu pensei que fosse fase, mas não está passando. Eu sinto o coração disparar, mesmo parada. Eu me sinto meio na ponta dos pés dentro de casa, tentando não irritar ninguém. Eu não sei se é estresse, mas tem me incomodado bastante."
alteracao_do_aparelho_cardiovascular|alteracao_do_aparelho_respiratorio|aperto_no_peito|fadiga_persistente|sintoma_hormonal,"De forma objetiva, eu fico insegura se é algo sério. Eu acordo com a garganta seca e uma tosse que incomoda. Eu sinto um aperto no peito de vez em quando, como uma pressão. Eu sinto que tem algo hormonal, porque isso piora em certas fases do mês. Tenho episódios de batimento acelerado quando eu paro pra descansar. Eu fico muito cansada, com corpo pesado, todo dia. Eu fico insegura se é algo sério."
fadiga_persistente|isolamento_social,"Nas últimas semanas eu não sei se é estresse, mas tem me incomodado bastante. Eu fico mais confortável sozinha ultimamente. Eu vim mais pra checar e não deixar acumular."
fadiga_persistente|isolamento_social,"De forma objetiva, eu pensei que fosse fase, mas não está passando. Eu tenho fadiga que dura semanas, sem melhora. Eu ando evitando sair e encontrar pessoas, até amigas próximas. Eu só queria uma orientação do que fazer."
alteracao_do_aparelho_digestivo|alteracao_do_aparelho_respiratorio,"Observei que eu pensei que fosse fase, mas não está passando. Tenho diarreia em alguns dias e fico fraca depois. Eu fico ofegante com esforço leve, o que não era comum pra mim."
alteracao_do_aparelho_cardiovascular|alteracao_do_aparelho_respiratorio|aperto_no_peito,"Tenho notado que eu tento levar, mas tem dias que pesa. Eu sinto um aperto no peito de vez em quando, como uma pressão. Tenho episódios de batimento acelerado quando eu paro pra descansar. Eu fico insegura se é algo sério."
alteracao_do_aparelho_digestivo|dor_de_cabeca_frequente|dor_muscular,"Sei lá, eu fico insegura se é algo sério. Eu fico com o estômago embrulhado quando estou preocupada. Eu tenho dor de cabeça várias vezes na semana, tipo uma pressão na testa. As costas e o pescoço doem, principalmente depois de um dia longo."
dor_de_cabeca_frequente|fadiga_persistente|risco_violencia_domestica,"Tipo, eu percebi isso mais nas últimas semanas. Mesmo em dias tranquilos eu estou esgotada. Quando estou mais cansada, a dor aparece e demora pra ir embora. Eu tenho escolhido minhas palavras o tempo todo pra não criar problema. Eu só queria uma orientação do que fazer."
alteracao_do_aparelho_reprodutor|sintoma_hormonal,"Sei lá, eu tento levar, mas tem dias que pesa. Parece que meu corpo está desregulado, eu atribuo a hormônios. Meu ciclo ficou irregular e atrasou mais de uma vez. Eu percebi isso mais nas últimas semanas."
dor_de_cabeca_frequente|dor_muscular|fadiga_persistente,"Nas últimas semanas eu estou ficando preocupada porque está mais frequente. Eu fico muito cansada, com corpo pesado, todo dia. Minha cabeça dói com frequência e às vezes dá náusea junto. Meu pescoço e ombros ficam travados, como tensão acumulada. Eu não queria exagerar, mas achei melhor comentar."
alteracao_do_aparelho_cardiovascular|alteracao_do_aparelho_digestivo|sintoma_hormonal,"Nas últimas semanas eu vim mais pra checar e não deixar acumular. Tenho sentido tontura e batimentos rápidos em alguns momentos. Meu humor e meu corpo mudam juntos perto do ciclo, parece hormonal. Eu tenho sentido enjoo e azia com frequência. Eu fico insegura se é algo sério."
alteracao_do_aparelho_digestivo|fadiga_persistente,"Percebi um padrão: eu não queria exagerar, mas achei melhor comentar. Eu tenho sentido enjoo e azia com frequência. Mesmo em dias tranquilos eu estou esgotada. Eu tento levar, mas tem dias que pesa."
alteracao_do_aparelho_digestivo|dor_de_cabeca_frequente|dor_muscular|fadiga_persistente,"Observei que eu vim mais pra checar e não deixar acumular. Eu fico muito cansada, com corpo pesado, todo dia. Eu fico com o estômago embrulhado quando estou preocupada. Minha cabeça dói com frequência e às vezes dá náusea junto. Meu pescoço e ombros ficam travados, como tensão acumulada. Eu tento levar, mas tem dias que pesa."
alteracao_do_aparelho_digestivo|dor_de_cabeca_frequente|fadiga_persistente,"Tenho notado que eu estou ficando preocupada porque está mais frequente. Tenho dor no estômago e náusea principalmente à noite. Eu fico sem energia o tempo inteiro, como se não recuperasse. Eu acordo com a cabeça pesada e isso vai e volta durante o dia. Eu não queria exagerar, mas achei melhor comentar."
dor_muscular|fadiga_persistente,"Nas últimas semanas eu pensei que fosse fase, mas não está passando. Mesmo em dias tranquilos eu estou esgotada. Minhas costas doem quase todo dia, principalmente lombar. Eu não sei se é estresse, mas tem me incomodado bastante."
alteracao_do_aparelho_digestivo|sintoma_hormonal,"Ah doutora, eu pensei que fosse fase, mas não está passando. Meu intestino está desregulado, alterna entre preso e solto. Tenho sensação de 'desbalanço' hormonal, difícil explicar."
alteracao_do_aparelho_cardiovascular|alteracao_do_aparelho_digestivo|alteracao_do_aparelho_respiratorio|isolamento_social,"Então, eu estou ficando preocupada porque está mais frequente. Eu tenho sentido enjoo e azia com frequência. Sinto uma taquicardia curta e depois passa, mas assusta. Eu fico mais confortável sozinha ultimamente. Quando deito, às vezes sinto que a respiração fica mais difícil. Eu fico insegura se é algo sério."
alteracao_do_aparelho_cardiovascular|aperto_no_peito|dor_de_cabeca_frequente|sintoma_hormonal,"De forma objetiva, eu vim mais pra checar e não deixar acumular. Dá uma sensação de opressão no peito que me assusta um pouco. Eu acordo com a cabeça pesada e isso vai e volta durante o dia. Tenho oscilação de sintomas junto do meu ciclo, então penso em hormônio. Eu só queria uma orientação do que fazer."
alteracao_do_aparelho_digestivo|dor_de_cabeca_frequente|sintoma_hormonal,"Olha, eu tento levar, mas tem dias que pesa. Tenho refluxo e queimação depois de comer. A dor vem atrás dos olhos e piora com luz. Meu corpo parece diferente perto do ciclo, como se os hormônios mudassem tudo. Eu não sei se é estresse, mas tem me incomodado bastante."
aperto_no_peito|isolamento_social|risco_violencia_domestica,"Ah doutora, eu percebi isso mais nas últimas semanas. Eu evito comentar certas coisas porque eu não sei como a outra pessoa vai reagir. Às vezes parece que meu peito fecha e eu preciso respirar fundo. Eu parei de ir em lugares que eu gostava, não tenho ânimo. Eu não queria exagerar, mas achei melhor comentar."
alteracao_do_aparelho_cardiovascular|alteracao_do_aparelho_digestivo|alteracao_do_aparelho_respiratorio|aperto_no_peito,"Observei que eu não queria exagerar, mas achei melhor comentar. Tenho dor no estômago e náusea principalmente à noite. Tenho tido tosse seca que vai e volta. Eu sinto um 'tranco' no coração e fico preocupada. Eu sinto um aperto no peito de vez em quando, como uma pressão. Eu fico insegura se é algo sério."
alteracao_do_aparelho_cardiovascular|alteracao_do_aparelho_digestivo|alteracao_do_aparelho_reprodutor|alteracao_do_aparelho_respiratorio|aperto_no_peito|dor_de_cabeca_frequente,"Tipo, eu não sei se é estresse, mas tem me incomodado bastante. Em alguns momentos meu peito aperta e eu fico mais tensa. No fim da tarde minha cabeça pesa e a dor fica chata e constante. Minha menstruação veio diferente, com manchas e dor. Eu sinto o coração disparar, mesmo parada. Eu fico com o estômago embrulhado quando estou preocupada. Tenho sensação de garganta irritada e peito 'pesado' pra respirar. Eu estou ficando preocupada porque está mais frequente."
alteracao_do_aparelho_cardiovascular|alteracao_do_aparelho_respiratorio|aperto_no_peito|dor_de_cabeca_frequente|dor_muscular|fadiga_persistente,"Tipo, eu tento levar, mas tem dias que pesa. Eu acordo com a garganta seca e uma tosse que incomoda. Eu tenho exaustão diária e isso atrapalha minha rotina. Sinto uma taquicardia curta e depois passa, mas assusta. Eu sinto uma dor de cabeça quase diária, principalmente quando estou tensa. Eu percebi isso mais nas últimas semanas."
alteracao_do_aparelho_reprodutor|dor_de_cabeca_frequente,"Sei lá, eu estou ficando preocupada porque está mais frequente. Meu ciclo encurtou e eu tive cólica forte. Minha cabeça dói com frequência e às vezes dá náusea junto. Eu fico insegura se é algo sério."
alteracao_do_aparelho_digestivo|alteracao_do_aparelho_reprodutor,"Nas últimas semanas doutora, eu queria entender se isso é normal ou se eu deveria investigar. Sinto barriga inchada e uma sensação de digestão lenta. Tenho desconforto pélvico e sensação de inchaço abdominal baixo. Eu vim mais pra checar e não deixar acumular."
alteracao_do_aparelho_cardiovascular|fadiga_persistente|isolamento_social,"Tipo, doutora, eu queria entender se isso é normal ou se eu deveria investigar. Eu sinto um 'tranco' no coração e fico preocupada. Eu sinto que estou sempre no limite, sem bateria. Eu não quero conversar com ninguém na maior parte dos dias. Eu vim mais pra checar e não deixar acumular."
alteracao_do_aparelho_digestivo|dor_muscular|fadiga_persistente|sintoma_hormonal,"Sei lá, eu vim mais pra checar e não deixar acumular. As costas e o pescoço doem, principalmente depois de um dia longo. É um cansaço que não melhora com descanso. Sinto barriga inchada e uma sensação de digestão lenta. Eu sinto que tem algo hormonal, porque isso piora em certas fases do mês. Eu estou ficando preocupada porque está mais frequente."
alteracao_do_aparelho_digestivo|alteracao_do_aparelho_respiratorio|aperto_no_peito|fadiga_persistente|sintoma_hormonal,"Tipo, eu pensei que fosse fase, mas não está passando. Parece que meu corpo está desregulado, eu atribuo a hormônios. Eu acordo com a garganta seca e uma tosse que incomoda. Eu sinto que estou sempre no limite, sem bateria. Meu intestino está desregulado, alterna entre preso e solto. Eu sinto um peso no peito, não é dor forte, mas incomoda. Eu não queria exagerar, mas achei melhor comentar."
fadiga_persistente|sintoma_hormonal,"Tipo, eu fico insegura se é algo sério. Eu notei queda de cabelo e mudanças que parecem hormonais. Eu sinto que estou sempre no limite, sem bateria. Eu percebi isso mais nas últimas semanas."
alteracao_do_aparelho_digestivo|aperto_no_peito|dor_de_cabeca_frequente|sintoma_hormonal,"Então, doutora, eu queria entender se isso é normal ou se eu deveria investigar. Tenho dor no estômago e náusea principalmente à noite. No fim da tarde minha cabeça pesa e a dor fica chata e constante. Dá uma sensação de opressão no peito que me assusta um pouco. Tenho ondas de calor e suor noturno de vez em quando, acho que é hormonal."
alteracao_do_aparelho_digestivo|dor_de_cabeca_frequente|fadiga_persistente,"Tipo, eu percebi isso mais nas últimas semanas. Mesmo em dias tranquilos eu estou esgotada. Sinto estufamento, gases e desconforto no estômago. Eu sinto uma dor de cabeça quase diária, principalmente quando estou tensa. Doutora, eu queria entender se isso é normal ou se eu deveria investigar."
alteracao_do_aparelho_cardiovascular|aperto_no_peito,"Sei lá, eu pensei que fosse fase, mas não está passando. Meu coração acelera do nada e eu sinto palpitação. Eu sinto um aperto no peito de vez em quando, como uma pressão. Eu estou ficando preocupada porque está mais frequente."
alteracao_do_aparelho_digestivo|aperto_no_peito|risco_violencia_domestica,"Ah doutora, eu vim mais pra checar e não deixar acumular. Tenho refluxo e queimação depois de comer. Eu fico com o peito apertado e dá vontade de suspirar o tempo todo. Eu tenho medo de que qualquer coisa vire briga, então eu me calo. Doutora, eu queria entender se isso é normal ou se eu deveria investigar."
alteracao_do_aparelho_cardiovascular|alteracao_do_aparelho_respiratorio|fadiga_persistente|sintoma_hormonal,"Então, eu fico insegura se é algo sério. Sinto um chiado leve ao respirar, principalmente à noite. Eu notei queda de cabelo e mudanças que parecem hormonais. É um cansaço que não melhora com descanso. Tenho episódios de batimento acelerado quando eu paro pra descansar. Eu tento levar, mas tem dias que pesa."
alteracao_do_aparelho_reprodutor|dor_de_cabeca_frequente|sintoma_hormonal,"Observei que eu tento levar, mas tem dias que pesa. Eu tive sangramento fora de hora e fiquei preocupada. Tenho ondas de calor e suor noturno de vez em quando, acho que é hormonal. A dor vem atrás dos olhos e piora com luz. Eu percebi isso mais nas últimas semanas."
aperto_no_peito|dor_de_cabeca_frequente,"Nas últimas semanas eu estou ficando preocupada porque está mais frequente. É uma dor meio apertada, como se tivesse uma faixa na cabeça. Às vezes parece que meu peito fecha e eu preciso respirar fundo. Eu percebi isso mais nas últimas semanas."
alteracao_do_aparelho_digestivo|alteracao_do_aparelho_respiratorio|fadiga_persistente|sintoma_hormonal,"Então, eu vim mais pra checar e não deixar acumular. Eu sinto que tem algo hormonal, porque isso piora em certas fases do mês. Eu fico muito cansada, com corpo pesado, todo dia. Sinto barriga inchada e uma sensação de digestão lenta. Sinto um chiado leve ao respirar, principalmente à noite. Eu só queria uma orientação do que fazer."
dor_de_cabeca_frequente|dor_muscular|fadiga_persistente,"De forma objetiva, eu não sei se é estresse, mas tem me incomodado bastante. Eu me sinto exausta desde cedo e vou piorando ao longo do dia. Eu sinto dor no corpo, como se eu tivesse carregado peso. Eu percebi isso mais nas últimas semanas."
aperto_no_peito|dor_muscular|fadiga_persistente|risco_violencia_domestica,"Olha, doutora, eu queria entender se isso é normal ou se eu deveria investigar. Eu sinto dor no corpo, como se eu tivesse carregado peso. Em alguns momentos meu peito aperta e eu fico mais tensa. Eu tenho fadiga que dura semanas, sem melhora. Eu tenho escolhido minhas palavras o tempo todo pra não criar problema. Eu não queria exagerar, mas achei melhor comentar."
alteracao_do_aparelho_respiratorio|aperto_no_peito,"Nas últimas semanas eu não sei se é estresse, mas tem me incomodado bastante. Eu sinto falta de ar às vezes, como se a respiração ficasse curta. É como se algo estivesse pressionando aqui no meio do peito. Eu tento levar, mas tem dias que pesa."
alteracao_do_aparelho_respiratorio|sintoma_hormonal,"Tenho notado que eu não sei se é estresse, mas tem me incomodado bastante. Tenho sensação de garganta irritada e peito 'pesado' pra respirar. Parece que meu corpo está desregulado, eu atribuo a hormônios. Eu só queria uma orientação do que fazer."
alteracao_do_aparelho_respiratorio|aperto_no_peito|dor_de_cabeca_frequente,"Ah doutora, eu tento levar, mas tem dias que pesa. Minha cabeça dói com frequência e às vezes dá náusea junto. Sinto um chiado leve ao respirar, principalmente à noite. Em alguns momentos meu peito aperta e eu fico mais tensa. Eu não sei se é estresse, mas tem me incomodado bastante."
alteracao_do_aparelho_respiratorio|aperto_no_peito,"Tenho notado que doutora, eu queria entender se isso é normal ou se eu deveria investigar. Eu fico ofegante com esforço leve, o que não era comum pra mim. Eu fico insegura se é algo sério."
dor_de_cabeca_frequente|dor_muscular|fadiga_persistente|sintoma_hormonal,"Nas últimas semanas eu não sei se é estresse, mas tem me incomodado bastante. Tenho oscilação de sintomas junto do meu ciclo, então penso em hormônio. No fim da tarde minha cabeça pesa e a dor fica chata e constante. As costas e o pescoço doem, principalmente depois de um dia longo. Eu pensei que fosse fase, mas não está passando."
dor_de_cabeca_frequente|dor_muscular,"Então, doutora, eu queria entender se isso é normal ou se eu deveria investigar. Eu tenho tomado remédio pra dor de cabeça mais do que eu gostaria. Minha musculatura fica dolorida e às vezes eu tenho câimbra. Eu fico insegura se é algo sério."
aperto_no_peito|dor_de_cabeca_frequente|risco_violencia_domestica,"Sei lá, eu não queria exagerar, mas achei melhor comentar. Eu acordo com a cabeça pesada e isso vai e volta durante o dia. Eu não gosto muito de entrar em detalhes, mas eu fico mais em alerta em casa. Eu sinto um peso no peito, não é dor forte, mas incomoda. Eu estou ficando preocupada porque está mais frequente."
alteracao_do_aparelho_respiratorio|fadiga_persistente|isolamento_social,"Observei que doutora, eu queria entender se isso é normal ou se eu deveria investigar. Em alguns momentos eu sinto falta de ar e fico ansiosa junto. Eu fico muito cansada, com corpo pesado, todo dia. Tenho respondido menos mensagens e preferido ficar no meu canto. Eu só queria uma orientação do que fazer."
alteracao_do_aparelho_cardiovascular|alteracao_do_aparelho_respiratorio|aperto_no_peito,"Observei que eu fico insegura se é algo sério. Quando deito, às vezes sinto que a respiração fica mais difícil. Às vezes parece que meu coração está batendo forte demais. Quando fico nervosa, o peito aperta e demora a passar. Eu tento levar, mas tem dias que pesa."
alteracao_do_aparelho_cardiovascular|alteracao_do_aparelho_respiratorio|aperto_no_peito|dor_de_cabeca_frequente,"Então, eu só queria uma orientação do que fazer. Dá uma sensação de opressão no peito que me assusta um pouco. Tenho percebido palpitações e um mal-estar rápido. Minha respiração fica curta e eu preciso parar e respirar fundo. É uma dor meio apertada, como se tivesse uma faixa na cabeça."
fadiga_persistente|sintoma_hormonal,"Sei lá, eu pensei que fosse fase, mas não está passando. Mesmo em dias tranquilos eu estou esgotada. Meu corpo parece diferente perto do ciclo, como se os hormônios mudassem tudo. Eu estou ficando preocupada porque está mais frequente."
alteracao_do_aparelho_digestivo|alteracao_do_aparelho_reprodutor|aperto_no_peito|dor_de_cabeca_frequente|risco_violencia_domestica|sintoma_hormonal,"Tipo, eu percebi isso mais nas últimas semanas. Meu humor e meu corpo mudam juntos perto do ciclo, parece hormonal. Quando fico nervosa, o peito aperta e demora a passar. Às vezes eu fico tensa só de pensar em falar como eu estou me sentindo em casa. Eu tenho sentido enjoo e azia com frequência. A dor vem atrás dos olhos e piora com luz. Sinto dor na parte baixa da barriga em alguns dias do mês. Eu tento levar, mas tem dias que pesa."
alteracao_do_aparelho_cardiovascular|alteracao_do_aparelho_respiratorio|aperto_no_peito,"Então, eu tento levar, mas tem dias que pesa. Sinto um chiado leve ao respirar, principalmente à noite. Eu sinto um 'tranco' no coração e fico preocupada. Eu só queria uma orientação do que fazer."
aperto_no_peito|dor_muscular,"Sei lá, eu percebi isso mais nas últimas semanas. Eu tenho essa sensação de aperto no peito, principalmente no fim do dia. Meus ombros ficam doloridos e eu acordo rígida. Eu percebi isso mais nas últimas semanas."
aperto_no_peito|dor_de_cabeca_frequente|risco_violencia_domestica,"Então, eu vim mais pra checar e não deixar acumular. Eu acabo evitando conversa em casa porque sinto que pode virar cobrança. O peito fica apertado e eu sinto que preciso parar o que estou fazendo. Tem dias que é enxaqueca, fica latejando e me derruba. Eu não queria exagerar, mas achei melhor comentar."
alteracao_do_aparelho_cardiovascular|alteracao_do_aparelho_digestivo|aperto_no_peito|fadiga_persistente|sintoma_hormonal,"Observei que eu não sei se é estresse, mas tem me incomodado bastante. Tenho sensação de 'desbalanço' hormonal, difícil explicar. Eu tenho exaustão diária e isso atrapalha minha rotina. Eu fico com o estômago embrulhado quando estou preocupada. Eu tenho essa sensação de aperto no peito, principalmente no fim do dia. Eu só queria uma orientação do que fazer."
dor_muscular|fadiga_persistente|sintoma_hormonal,"Percebi um padrão: eu pensei que fosse fase, mas não está passando. Eu fico sem energia o tempo inteiro, como se não recuperasse. Meu humor e meu corpo mudam juntos perto do ciclo, parece hormonal. Minha musculatura fica dolorida e às vezes eu tenho câimbra. Eu não sei se é estresse, mas tem me incomodado bastante."
dor_muscular|fadiga_persistente,"De forma objetiva, doutora, eu queria entender se isso é normal ou se eu deveria investigar. Eu fico sem energia o tempo inteiro, como se não recuperasse. Eu fico com dor no ombro e no pescoço, parece que tudo trava. Eu percebi isso mais nas últimas semanas."
dor_de_cabeca_frequente|fadiga_persistente,"Tenho notado que eu fico insegura se é algo sério. No fim da tarde minha cabeça pesa e a dor fica chata e constante. Eu tenho fadiga que dura semanas, sem melhora. Eu pensei que fosse fase, mas não está passando."
dor_de_cabeca_frequente|dor_muscular,"Olha, eu tento levar, mas tem dias que pesa. As costas e o pescoço doem, principalmente depois de um dia longo. Tem dias que é enxaqueca, fica latejando e me derruba. Eu pensei que fosse fase, mas não está passando."
isolamento_social|risco_violencia_domestica,"Tipo, eu só queria uma orientação do que fazer. Eu tenho medo de que qualquer coisa vire briga, então eu me calo. Eu não quero conversar com ninguém na maior parte dos dias. Eu pensei que fosse fase, mas não está passando."
alteracao_do_aparelho_cardiovascular|alteracao_do_aparelho_respiratorio|aperto_no_peito|fadiga_persistente,"Tenho notado que eu percebi isso mais nas últimas semanas. Já aconteceu de eu sentir o coração irregular por alguns segundos. Em alguns momentos meu peito aperta e eu fico mais tensa. Minha respiração fica curta e eu preciso parar e respirar fundo. É um cansaço constante, não é só sono."
alteracao_do_aparelho_digestivo|dor_de_cabeca_frequente|fadiga_persistente,"Ah doutora, doutora, eu queria entender se isso é normal ou se eu deveria investigar. Tem dias que é enxaqueca, fica latejando e me derruba."
fadiga_persistente|sintoma_hormonal,"Sei lá, eu não sei se é estresse, mas tem me incomodado bastante. Tenho sensação de 'desbalanço' hormonal, difícil explicar. Mesmo em dias tranquilos eu estou esgotada. Eu vim mais pra checar e não deixar acumular."
alteracao_do_aparelho_digestivo|dor_de_cabeca_frequente|sintoma_hormonal,"Ah doutora, eu pensei que fosse fase, mas não está passando. Eu tenho tomado remédio pra dor de cabeça mais do que eu gostaria. Tenho ondas de calor e suor noturno de vez em quando, acho que é hormonal. Ando com constipação e desconforto abdominal. Eu vim mais pra checar e não deixar acumular."
alteracao_do_aparelho_cardiovascular|isolamento_social|risco_violencia_domestica,"Sei lá, eu estou ficando preocupada porque está mais frequente. Tem horas que eu prefiro não falar nada e só deixar passar. Já aconteceu de eu sentir o coração irregular por alguns segundos. Eu não quero conversar com ninguém na maior parte dos dias. Eu percebi isso mais nas últimas semanas."
alteracao_do_aparelho_digestivo|alteracao_do_aparelho_reprodutor|dor_de_cabeca_frequente|fadiga_persistente|sintoma_hormonal,"Nas últimas semanas eu fico insegura se é algo sério. Meu corpo parece diferente perto do ciclo, como se os hormônios mudassem tudo. Mesmo em dias tranquilos eu estou esgotada. Tenho dor no estômago e náusea principalmente à noite. Quando estou mais cansada, a dor aparece e demora pra ir embora. Eu fico insegura se é algo sério."
alteracao_do_aparelho_cardiovascular|alteracao_do_aparelho_respiratorio|aperto_no_peito,"Percebi um padrão: eu tento levar, mas tem dias que pesa. Sinto uma taquicardia curta e depois passa, mas assusta. Tenho sensação de garganta irritada e peito 'pesado' pra respirar. Dá uma sensação de opressão no peito que me assusta um pouco."
alteracao_do_aparelho_cardiovascular|alteracao_do_aparelho_respiratorio|aperto_no_peito,"Tenho notado que eu vim mais pra checar e não deixar acumular. Tenho sentido tontura e batimentos rápidos em alguns momentos. Tenho sensação de garganta irritada e peito 'pesado' pra respirar. É como se algo estivesse pressionando aqui no meio do peito. Eu não queria exagerar, mas achei melhor comentar."
alteracao_do_aparelho_cardiovascular|dor_de_cabeca_frequente,"Tenho notado que eu vim mais pra checar e não deixar acumular. Tenho episódios de batimento acelerado quando eu paro pra descansar. Eu acordo com a cabeça pesada e isso vai e volta durante o dia. Eu não sei se é estresse, mas tem me incomodado bastante."
dor_de_cabeca_frequente|fadiga_persistente,"Tenho notado que eu vim mais pra checar e não deixar acumular. Mesmo em dias tranquilos eu estou esgotada. É uma dor meio apertada, como se tivesse uma faixa na cabeça. Eu percebi isso mais nas últimas semanas."
alteracao_do_aparelho_cardiovascular|alteracao_do_aparelho_digestivo|aperto_no_peito|dor_de_cabeca_frequente|risco_violencia_domestica,"Então, doutora, eu queria entender se isso é normal ou se eu deveria investigar. Meu intestino está desregulado, alterna entre preso e solto. Às vezes eu fico tensa só de pensar em falar como eu estou me sentindo em casa. Dá uma sensação de opressão no peito que me assusta um pouco. Eu tenho dor de cabeça várias vezes na semana, tipo uma pressão na testa. Eu tento levar, mas tem dias que pesa."
alteracao_do_aparelho_respiratorio|isolamento_social,"Então, eu tento levar, mas tem dias que pesa. Eu acordo com a garganta seca e uma tosse que incomoda. Eu fico mais confortável sozinha ultimamente. Doutora, eu queria entender se isso é normal ou se eu deveria investigar."
dor_de_cabeca_frequente|dor_muscular,"Olha, eu tento levar, mas tem dias que pesa. É uma dor meio apertada, como se tivesse uma faixa na cabeça. Meu corpo fica pesado e com dores, tipo 'quebrada'. Eu estou ficando preocupada porque está mais frequente."
alteracao_do_aparelho_cardiovascular|alteracao_do_aparelho_respiratorio|aperto_no_peito|risco_violencia_domestica,"Ah doutora, eu tento levar, mas tem dias que pesa. Dá uma sensação de opressão no peito que me assusta um pouco. Tenho tido tosse seca que vai e volta. Eu não gosto muito de entrar em detalhes, mas eu fico mais em alerta em casa. Eu fico com o coração acelerado e mãos frias. Eu não sei se é estresse, mas tem me incomodado bastante."
aperto_no_peito|dor_de_cabeca_frequente|isolamento_social|risco_violencia_domestica,"Tipo, eu percebi isso mais nas últimas semanas. Eu fico com o peito apertado e dá vontade de suspirar o tempo todo. Tem dias que é enxaqueca, fica latejando e me derruba. Eu parei de ir em lugares que eu gostava, não tenho ânimo. Tem horas que eu prefiro não falar nada e só deixar passar. Eu fico insegura se é algo sério."
dor_de_cabeca_frequente|dor_muscular,"Olha, eu estou ficando preocupada porque está mais frequente. Meu pescoço e ombros ficam travados, como tensão acumulada. É uma dor meio apertada, como se tivesse uma faixa na cabeça. Eu só queria uma orientação do que fazer."
dor_muscular|fadiga_persistente,"Nas últimas semanas eu tento levar, mas tem dias que pesa. É um cansaço que não melhora com descanso. Eu pensei que fosse fase, mas não está passando."
alteracao_do_aparelho_digestivo|dor_de_cabeca_frequente|sintoma_hormonal,"Tipo, eu não sei se é estresse, mas tem me incomodado bastante. Meu apetite mudou, tem dia que eu esqueço de comer. É uma dor meio apertada, como se tivesse uma faixa na cabeça. Tenho ondas de calor e suor noturno de vez em quando, acho que é hormonal. Eu tento levar, mas tem dias que pesa."
alteracao_do_aparelho_digestivo|dor_de_cabeca_frequente|sintoma_hormonal,"Ah doutora, eu fico insegura se é algo sério. Tenho diarreia em alguns dias e fico fraca depois. Eu tenho dor de cabeça várias vezes na semana, tipo uma pressão na testa. Doutora, eu queria entender se isso é normal ou se eu deveria investigar."
alteracao_do_aparelho_respiratorio|aperto_no_peito,"Tenho notado que doutora, eu queria entender se isso é normal ou se eu deveria investigar. Às vezes parece que meu peito fecha e eu preciso respirar fundo. Eu fico ofegante com esforço leve, o que não era comum pra mim. Eu não queria exagerar, mas achei melhor comentar."
alteracao_do_aparelho_reprodutor|sintoma_hormonal,"Sei lá, eu não queria exagerar, mas achei melhor comentar. Eu tive sangramento fora de hora e fiquei preocupada. Eu fico insegura se é algo sério."
alteracao_do_aparelho_cardiovascular|alteracao_do_aparelho_respiratorio|aperto_no_peito|dor_de_cabeca_frequente,"Percebi um padrão: eu não queria exagerar, mas achei melhor comentar. Quando fico nervosa, o peito aperta e demora a passar. Minha cabeça dói com frequência e às vezes dá náusea junto. Tenho tido tosse seca que vai e volta. Tenho percebido palpitações e um mal-estar rápido. Eu só queria uma orientação do que fazer."
alteracao_do_aparelho_cardiovascular|alteracao_do_aparelho_respiratorio|aperto_no_peito,"De forma objetiva, eu não queria exagerar, mas achei melhor comentar. Eu sinto o coração disparar, mesmo parada. O peito fica apertado e eu sinto que preciso parar o que estou fazendo. Em alguns momentos eu sinto falta de ar e fico ansiosa junto. Eu só queria uma orientação do que fazer."
dor_de_cabeca_frequente|fadiga_persistente|sintoma_hormonal,"Tipo, eu pensei que fosse fase, mas não está passando. Eu tenho tomado remédio pra dor de cabeça mais do que eu gostaria. Eu fico muito cansada, com corpo pesado, todo dia. Sinto inchaço e mudanças no corpo que eu acho que são hormonais. Doutora, eu queria entender se isso é normal ou se eu deveria investigar."
alteracao_do_aparelho_digestivo|dor_muscular|sintoma_hormonal,"Olha, eu estou ficando preocupada porque está mais frequente. Meu humor e meu corpo mudam juntos perto do ciclo, parece hormonal. Meu intestino está desregulado, alterna entre preso e solto. As costas e o pescoço doem, principalmente depois de um dia longo. Eu percebi isso mais nas últimas semanas."
alteracao_do_aparelho_cardiovascular|aperto_no_peito,"De forma objetiva, eu vim mais pra checar e não deixar acumular. Eu fico com o peito apertado e dá vontade de suspirar o tempo todo. Meu coração acelera do nada e eu sinto palpitação. Doutora, eu queria entender se isso é normal ou se eu deveria investigar."
alteracao_do_aparelho_digestivo|dor_muscular|fadiga_persistente,"Tipo, eu estou ficando preocupada porque está mais frequente. É um cansaço constante, não é só sono. Tenho diarreia em alguns dias e fico fraca depois. Meus ombros ficam doloridos e eu acordo rígida. Eu percebi isso mais nas últimas semanas."
alteracao_do_aparelho_digestivo|dor_de_cabeca_frequente|fadiga_persistente,"Sei lá, eu só queria uma orientação do que fazer. Ando com constipação e desconforto abdominal. É um cansaço constante, não é só sono. Eu sinto uma dor de cabeça quase diária, principalmente quando estou tensa. Eu só queria uma orientação do que fazer."
fadiga_persistente|isolamento_social|sintoma_hormonal,"Nas últimas semanas eu só queria uma orientação do que fazer. Meu humor e meu corpo mudam juntos perto do ciclo, parece hormonal. Eu tenho dado desculpa pra não sair, só pra ficar em silêncio. É um cansaço constante, não é só sono. Eu tento levar, mas tem dias que pesa."
alteracao_do_aparelho_respiratorio|aperto_no_peito,"Sei lá, eu não queria exagerar, mas achei melhor comentar. Quando fico nervosa, o peito aperta e demora a passar. Em alguns momentos eu sinto falta de ar e fico ansiosa junto. Eu não queria exagerar, mas achei melhor comentar."
alteracao_do_aparelho_cardiovascular|aperto_no_peito|dor_muscular,"Ah doutora, eu não queria exagerar, mas achei melhor comentar. Meu corpo fica pesado e com dores, tipo 'quebrada'. Eu fico com o peito apertado e dá vontade de suspirar o tempo todo. Já aconteceu de eu sentir o coração irregular por alguns segundos. Eu tento levar, mas tem dias que pesa."
dor_de_cabeca_frequente|fadiga_persistente|sintoma_hormonal,"Observei que eu fico insegura se é algo sério. Sinto inchaço e mudanças no corpo que eu acho que são hormonais. Eu tenho dor de cabeça várias vezes na semana, tipo uma pressão na testa. É um cansaço constante, não é só sono. Eu tento levar, mas tem dias que pesa."
alteracao_do_aparelho_respiratorio|aperto_no_peito|dor_muscular,"Observei que eu pensei que fosse fase, mas não está passando. Meu pescoço e ombros ficam travados, como tensão acumulada. Eu tenho essa sensação de aperto no peito, principalmente no fim do dia. Sinto um chiado leve ao respirar, principalmente à noite. Eu fico insegura se é algo sério."
alteracao_do_aparelho_digestivo|fadiga_persistente|isolamento_social,"De forma objetiva, eu não sei se é estresse, mas tem me incomodado bastante. Eu acordo cansada todo dia, mesmo quando durmo. Eu parei de ir em lugares que eu gostava, não tenho ânimo. Tenho diarreia em alguns dias e fico fraca depois. Eu percebi isso mais nas últimas semanas."
alteracao_do_aparelho_cardiovascular|alteracao_do_aparelho_reprodutor|dor_de_cabeca_frequente|sintoma_hormonal,"Nas últimas semanas eu percebi isso mais nas últimas semanas. Parece que meu corpo está desregulado, eu atribuo a hormônios. A dor vem atrás dos olhos e piora com luz. Senti dor pélvica e o ciclo desregulou nas últimas semanas. Eu só queria uma orientação do que fazer."
alteracao_do_aparelho_reprodutor|risco_violencia_domestica|sintoma_hormonal,"Tipo, eu estou ficando preocupada porque está mais frequente. Meu ciclo encurtou e eu tive cólica forte. Tenho oscilação de sintomas junto do meu ciclo, então penso em hormônio."
alteracao_do_aparelho_digestivo|alteracao_do_aparelho_reprodutor|sintoma_hormonal,"Olha, eu não sei se é estresse, mas tem me incomodado bastante. Tenho dor no estômago e náusea principalmente à noite. Tenho cólicas mais fortes do que o normal e dor pélvica. Tenho sensação de 'desbalanço' hormonal, difícil explicar. Eu não sei se é estresse, mas tem me incomodado bastante."
alteracao_do_aparelho_reprodutor|fadiga_persistente|sintoma_hormonal,"Observei que eu estou ficando preocupada porque está mais frequente. Tenho cólicas mais fortes do que o normal e dor pélvica. É um cansaço constante, não é só sono. Meu corpo parece diferente perto do ciclo, como se os hormônios mudassem tudo. Eu não sei se é estresse, mas tem me incomodado bastante."
alteracao_do_aparelho_digestivo|alteracao_do_aparelho_reprodutor|alteracao_do_aparelho_respiratorio|dor_de_cabeca_frequente|dor_muscular|fadiga_persistente,"Tenho notado que eu vim mais pra checar e não deixar acumular. Tenho cólicas mais fortes do que o normal e dor pélvica. Eu fico sem energia o tempo inteiro, como se não recuperasse. Quando deito, às vezes sinto que a respiração fica mais difícil. Eu fico com dor no ombro e no pescoço, parece que tudo trava. Tenho refluxo e queimação depois de comer. Eu acordo com a cabeça pesada e isso vai e volta durante o dia. Doutora, eu queria entender se isso é normal ou se eu deveria investigar."
alteracao_do_aparelho_reprodutor|dor_de_cabeca_frequente|sintoma_hormonal,"Sei lá, eu não sei se é estresse, mas tem me incomodado bastante. Eu sinto uma dor de cabeça quase diária, principalmente quando estou tensa. Eu notei queda de cabelo e mudanças que parecem hormonais. Eu só queria uma orientação do que fazer."
alteracao_do_aparelho_reprodutor|alteracao_do_aparelho_respiratorio|aperto_no_peito|dor_de_cabeca_frequente|fadiga_persistente|sintoma_hormonal,"De forma objetiva, eu tento levar, mas tem dias que pesa. Notei mudança no fluxo menstrual, veio mais intenso. Tenho sensação de 'desbalanço' hormonal, difícil explicar. Quando estou mais cansada, a dor aparece e demora pra ir embora. Em alguns momentos eu sinto falta de ar e fico ansiosa junto. É um cansaço que não melhora com descanso. Eu não sei se é estresse, mas tem me incomodado bastante."
alteracao_do_aparelho_cardiovascular|alteracao_do_aparelho_respiratorio|aperto_no_peito|dor_de_cabeca_frequente,Observei que eu vim mais pra checar e não deixar acumular. Às vezes parece que meu coração está batendo forte demais. Eu acordo com a cabeça pesada e isso vai e volta durante o dia. Dá uma sensação de opressão no peito que me assusta um pouco. Em alguns momentos eu sinto falta de ar e fico ansiosa junto. Eu estou ficando preocupada porque está mais frequente.
alteracao_do_aparelho_respiratorio|aperto_no_peito,"Percebi um padrão: eu estou ficando preocupada porque está mais frequente. Às vezes parece que meu peito fecha e eu preciso respirar fundo. Sinto um chiado leve ao respirar, principalmente à noite. Eu só queria uma orientação do que fazer."
alteracao_do_aparelho_reprodutor|alteracao_do_aparelho_respiratorio,"Tenho notado que eu estou ficando preocupada porque está mais frequente. Eu sinto falta de ar às vezes, como se a respiração ficasse curta. Sinto dor na parte baixa da barriga em alguns dias do mês. Doutora, eu queria entender se isso é normal ou se eu deveria investigar."
alteracao_do_aparelho_digestivo|sintoma_hormonal,"De forma objetiva, eu não queria exagerar, mas achei melhor comentar. Tenho ondas de calor e suor noturno de vez em quando, acho que é hormonal. Tenho diarreia em alguns dias e fico fraca depois. Eu tento levar, mas tem dias que pesa."
alteracao_do_aparelho_cardiovascular|alteracao_do_aparelho_digestivo|aperto_no_peito|dor_de_cabeca_frequente|fadiga_persistente,"Ah doutora, eu não queria exagerar, mas achei melhor comentar. Já aconteceu de eu sentir o coração irregular por alguns segundos. Eu acordo com a cabeça pesada e isso vai e volta durante o dia. Dá uma sensação de opressão no peito que me assusta um pouco. Eu fico com o estômago embrulhado quando estou preocupada. Eu fico sem energia o tempo inteiro, como se não recuperasse."
dor_muscular|fadiga_persistente|sintoma_hormonal,"Sei lá, doutora, eu queria entender se isso é normal ou se eu deveria investigar. É um cansaço constante, não é só sono. Parece que meu corpo está desregulado, eu atribuo a hormônios."
alteracao_do_aparelho_digestivo|alteracao_do_aparelho_reprodutor|alteracao_do_aparelho_respiratorio|dor_de_cabeca_frequente|isolamento_social|sintoma_hormonal,"Tipo, eu tento levar, mas tem dias que pesa. Eu parei de ir em lugares que eu gostava, não tenho ânimo. Quando estou mais cansada, a dor aparece e demora pra ir embora. Sinto estufamento, gases e desconforto no estômago. Meu humor e meu corpo mudam juntos perto do ciclo, parece hormonal. Tenho tido tosse seca que vai e volta. Meu ciclo encurtou e eu tive cólica forte. Eu não queria exagerar, mas achei melhor comentar."
alteracao_do_aparelho_digestivo|dor_muscular|fadiga_persistente|risco_violencia_domestica,"Ah doutora, eu fico insegura se é algo sério. As costas e o pescoço doem, principalmente depois de um dia longo. É um cansaço constante, não é só sono. Tenho diarreia em alguns dias e fico fraca depois. Às vezes eu fico tensa só de pensar em falar como eu estou me sentindo em casa."
dor_de_cabeca_frequente|fadiga_persistente|sintoma_hormonal,"Tipo, eu tento levar, mas tem dias que pesa. Eu acordo cansada todo dia, mesmo quando durmo. A dor vem atrás dos olhos e piora com luz. Sinto inchaço e mudanças no corpo que eu acho que são hormonais."
alteracao_do_aparelho_respiratorio|aperto_no_peito|dor_de_cabeca_frequente|risco_violencia_domestica,"Sei lá, eu pensei que fosse fase, mas não está passando. Em casa eu prefiro ficar mais quieta pra não virar discussão. Eu acordo com a cabeça pesada e isso vai e volta durante o dia. Quando deito, às vezes sinto que a respiração fica mais difícil. Eu sinto um aperto no peito de vez em quando, como uma pressão. Eu vim mais pra checar e não deixar acumular."
alteracao_do_aparelho_respiratorio|aperto_no_peito|fadiga_persistente|isolamento_social|risco_violencia_domestica|sintoma_hormonal,"Ah doutora, eu pensei que fosse fase, mas não está passando. Tenho sensação de garganta irritada e peito 'pesado' pra respirar. Tenho respondido menos mensagens e preferido ficar no meu canto. Tenho sensação de 'desbalanço' hormonal, difícil explicar. Eu evito comentar certas coisas porque eu não sei como a outra pessoa vai reagir. Eu sinto um aperto no peito de vez em quando, como uma pressão. Eu só queria uma orientação do que fazer."
alteracao_do_aparelho_cardiovascular|aperto_no_peito|dor_de_cabeca_frequente,"Observei que eu pensei que fosse fase, mas não está passando. Eu sinto um aperto no peito de vez em quando, como uma pressão. Tenho sentido tontura e batimentos rápidos em alguns momentos. Eu tenho tomado remédio pra dor de cabeça mais do que eu gostaria. Eu não queria exagerar, mas achei melhor comentar."
alteracao_do_aparelho_cardiovascular|alteracao_do_aparelho_respiratorio|dor_de_cabeca_frequente,"De forma objetiva, eu não sei se é estresse, mas tem me incomodado bastante. Tenho episódios de batimento acelerado quando eu paro pra descansar. Quando estou mais cansada, a dor aparece e demora pra ir embora."
dor_de_cabeca_frequente|risco_violencia_domestica,"Então, eu vim mais pra checar e não deixar acumular. Quando estou mais cansada, a dor aparece e demora pra ir embora. Às vezes eu fico tensa só de pensar em falar como eu estou me sentindo em casa. Eu não queria exagerar, mas achei melhor comentar."
alteracao_do_aparelho_reprodutor|dor_de_cabeca_frequente|dor_muscular|fadiga_persistente|sintoma_hormonal,"Sei lá, eu não sei se é estresse, mas tem me incomodado bastante. Meu ciclo encurtou e eu tive cólica forte. Eu sinto que estou sempre no limite, sem bateria. Eu tenho dor de cabeça várias vezes na semana, tipo uma pressão na testa. Minha musculatura fica dolorida e às vezes eu tenho câimbra. Tenho ondas de calor e suor noturno de vez em quando, acho que é hormonal. Eu só queria uma orientação do que fazer."
dor_de_cabeca_frequente|risco_violencia_domestica,"Sei lá, eu percebi isso mais nas últimas semanas. No fim da tarde minha cabeça pesa e a dor fica chata e constante. Eu tenho escolhido minhas palavras o tempo todo pra não criar problema. Eu fico insegura se é algo sério."
alteracao_do_aparelho_digestivo|fadiga_persistente,"De forma objetiva, doutora, eu queria entender se isso é normal ou se eu deveria investigar. Tenho refluxo e queimação depois de comer. Eu me sinto exausta desde cedo e vou piorando ao longo do dia. Eu não sei se é estresse, mas tem me incomodado bastante."
alteracao_do_aparelho_cardiovascular|dor_de_cabeca_frequente|dor_muscular|sintoma_hormonal,"Então, eu fico insegura se é algo sério. Eu notei queda de cabelo e mudanças que parecem hormonais. Eu sinto o coração disparar, mesmo parada. Meu pescoço e ombros ficam travados, como tensão acumulada. Eu sinto uma dor de cabeça quase diária, principalmente quando estou tensa. Eu vim mais pra checar e não deixar acumular."
alteracao_do_aparelho_digestivo|isolamento_social|risco_violencia_domestica,"Olha, doutora, eu queria entender se isso é normal ou se eu deveria investigar. Eu tenho dado desculpa pra não sair, só pra ficar em silêncio. Tenho dor no estômago e náusea principalmente à noite. Eu me sinto meio na ponta dos pés dentro de casa, tentando não irritar ninguém."
aperto_no_peito|dor_de_cabeca_frequente|isolamento_social|risco_violencia_domestica,"Então, eu percebi isso mais nas últimas semanas. Eu fico mais confortável sozinha ultimamente. A dor vem atrás dos olhos e piora com luz. É como se algo estivesse pressionando aqui no meio do peito. Eu me sinto meio na ponta dos pés dentro de casa, tentando não irritar ninguém. Eu não queria exagerar, mas achei melhor comentar."
alteracao_do_aparelho_cardiovascular|alteracao_do_aparelho_respiratorio,Nas últimas semanas eu estou ficando preocupada porque está mais frequente. Já aconteceu de eu sentir o coração irregular por alguns segundos. Em alguns momentos eu sinto falta de ar e fico ansiosa junto.
aperto_no_peito|isolamento_social|risco_violencia_domestica,"Olha, eu não sei se é estresse, mas tem me incomodado bastante. Eu não gosto muito de entrar em detalhes, mas eu fico mais em alerta em casa. Eu tenho essa sensação de aperto no peito, principalmente no fim do dia. Eu me afastei um pouco das minhas amigas sem perceber. Doutora, eu queria entender se isso é normal ou se eu deveria investigar."
alteracao_do_aparelho_cardiovascular|alteracao_do_aparelho_respiratorio|aperto_no_peito,"Ah doutora, eu percebi isso mais nas últimas semanas. Quando deito, às vezes sinto que a respiração fica mais difícil. Às vezes parece que meu coração está batendo forte demais. Às vezes parece que meu peito fecha e eu preciso respirar fundo. Eu pensei que fosse fase, mas não está passando."
alteracao_do_aparelho_cardiovascular|alteracao_do_aparelho_respiratorio|aperto_no_peito|dor_de_cabeca_frequente|risco_violencia_domestica,"Ah doutora, eu estou ficando preocupada porque está mais frequente. É como se algo estivesse pressionando aqui no meio do peito. Tenho percebido palpitações e um mal-estar rápido. No fim da tarde minha cabeça pesa e a dor fica chata e constante. Quando deito, às vezes sinto que a respiração fica mais difícil. Eu acabo evitando conversa em casa porque sinto que pode virar cobrança. Eu estou ficando preocupada porque está mais frequente."
alteracao_do_aparelho_digestivo|dor_de_cabeca_frequente|dor_muscular|fadiga_persistente,"Então, doutora, eu queria entender se isso é normal ou se eu deveria investigar. É uma dor meio apertada, como se tivesse uma faixa na cabeça. Eu fico com o estômago embrulhado quando estou preocupada. Eu fico sem energia o tempo inteiro, como se não recuperasse. Meu pescoço e ombros ficam travados, como tensão acumulada. Eu não queria exagerar, mas achei melhor comentar."
dor_de_cabeca_frequente|dor_muscular,"Tenho notado que eu pensei que fosse fase, mas não está passando. Eu fico com dor no ombro e no pescoço, parece que tudo trava. Tem dias que é enxaqueca, fica latejando e me derruba. Eu não queria exagerar, mas achei melhor comentar."
aperto_no_peito|dor_de_cabeca_frequente|dor_muscular|risco_violencia_domestica,"Tipo, eu só queria uma orientação do que fazer. Minha cabeça dói com frequência e às vezes dá náusea junto. As costas e o pescoço doem, principalmente depois de um dia longo. Às vezes eu fico tensa só de pensar em falar como eu estou me sentindo em casa. Eu tenho essa sensação de aperto no peito, principalmente no fim do dia. Eu vim mais pra checar e não deixar acumular."
dor_muscular|fadiga_persistente|sintoma_hormonal,"Olha, eu só queria uma orientação do que fazer. É um cansaço constante, não é só sono. Eu notei queda de cabelo e mudanças que parecem hormonais. Eu sinto muita tensão no pescoço e isso desce para as costas. Eu não sei se é estresse, mas tem me incomodado bastante."
aperto_no_peito|dor_de_cabeca_frequente|isolamento_social|risco_violencia_domestica,"Olha, eu pensei que fosse fase, mas não está passando. Eu sinto um peso no peito, não é dor forte, mas incomoda. Minha cabeça dói com frequência e às vezes dá náusea junto. Eu não tenho muita vontade de ver gente, nem família. Eu percebi isso mais nas últimas semanas."
alteracao_do_aparelho_digestivo|fadiga_persistente|isolamento_social,"Olha, eu fico insegura se é algo sério. Eu tenho sentido enjoo e azia com frequência. Eu fico muito cansada, com corpo pesado, todo dia. Eu ando evitando sair e encontrar pessoas, até amigas próximas. Eu percebi isso mais nas últimas semanas."
alteracao_do_aparelho_digestivo|dor_de_cabeca_frequente|sintoma_hormonal,"Tipo, doutora, eu queria entender se isso é normal ou se eu deveria investigar. Tenho oscilação de sintomas junto do meu ciclo, então penso em hormônio. É uma dor meio apertada, como se tivesse uma faixa na cabeça. Eu tenho sentido enjoo e azia com frequência. Eu pensei que fosse fase, mas não está passando."
alteracao_do_aparelho_cardiovascular|alteracao_do_aparelho_digestivo|aperto_no_peito|dor_muscular|fadiga_persistente|sintoma_hormonal,"Tenho notado que doutora, eu queria entender se isso é normal ou se eu deveria investigar. Sinto estufamento, gases e desconforto no estômago. Eu tenho exaustão diária e isso atrapalha minha rotina. Eu sinto um 'tranco' no coração e fico preocupada. Meus ombros ficam doloridos e eu acordo rígida. Sinto inchaço e mudanças no corpo que eu acho que são hormonais. Eu fico com o peito apertado e dá vontade de suspirar o tempo todo. Doutora, eu queria entender se isso é normal ou se eu deveria investigar."
alteracao_do_aparelho_digestivo|fadiga_persistente,"Então, eu não sei se é estresse, mas tem me incomodado bastante. Eu fico muito cansada, com corpo pesado, todo dia. Eu tenho sentido enjoo e azia com frequência. Eu não sei se é estresse, mas tem me incomodado bastante."
alteracao_do_aparelho_cardiovascular|alteracao_do_aparelho_respiratorio,"Tipo, eu estou ficando preocupada porque está mais frequente. Eu fico ofegante com esforço leve, o que não era comum pra mim. Eu sinto um 'tranco' no coração e fico preocupada. Eu fico insegura se é algo sério."
alteracao_do_aparelho_cardiovascular|alteracao_do_aparelho_respiratorio|aperto_no_peito,"Tenho notado que doutora, eu queria entender se isso é normal ou se eu deveria investigar. É como se algo estivesse pressionando aqui no meio do peito. Minha respiração fica curta e eu preciso parar e respirar fundo. Tenho percebido palpitações e um mal-estar rápido. Eu estou ficando preocupada porque está mais frequente."
alteracao_do_aparelho_digestivo|alteracao_do_aparelho_respiratorio|aperto_no_peito,"Sei lá, eu percebi isso mais nas últimas semanas. Tenho sensação de garganta irritada e peito 'pesado' pra respirar. Eu tenho sentido enjoo e azia com frequência. Quando fico nervosa, o peito aperta e demora a passar. Eu vim mais pra checar e não deixar acumular."
alteracao_do_aparelho_cardiovascular|alteracao_do_aparelho_respiratorio|isolamento_social,"Tipo, eu estou ficando preocupada porque está mais frequente. Eu sinto falta de ar às vezes, como se a respiração ficasse curta. Eu me afastei um pouco das minhas amigas sem perceber. Doutora, eu queria entender se isso é normal ou se eu deveria investigar."
alteracao_do_aparelho_cardiovascular|fadiga_persistente,"Tipo, eu vim mais pra checar e não deixar acumular. É um cansaço constante, não é só sono. Doutora, eu queria entender se isso é normal ou se eu deveria investigar."
isolamento_social|risco_violencia_domestica,"Ah doutora, eu não queria exagerar, mas achei melhor comentar. Eu ando evitando sair e encontrar pessoas, até amigas próximas. Às vezes eu fico tensa só de pensar em falar como eu estou me sentindo em casa."
alteracao_do_aparelho_reprodutor|fadiga_persistente|sintoma_hormonal,"Olha, eu estou ficando preocupada porque está mais frequente. Meu ciclo encurtou e eu tive cólica forte. Eu sinto que tem algo hormonal, porque isso piora em certas fases do mês. Eu me sinto exausta desde cedo e vou piorando ao longo do dia. Eu só queria uma orientação do que fazer."
alteracao_do_aparelho_cardiovascular|alteracao_do_aparelho_digestivo|alteracao_do_aparelho_respiratorio|aperto_no_peito,"Olha, eu fico insegura se é algo sério. Sinto uma taquicardia curta e depois passa, mas assusta. Eu tenho essa sensação de aperto no peito, principalmente no fim do dia. Eu vim mais pra checar e não deixar acumular."
alteracao_do_aparelho_reprodutor|dor_de_cabeca_frequente|dor_muscular,"Tenho notado que eu fico insegura se é algo sério. Minhas costas doem quase todo dia, principalmente lombar. Tem dias que é enxaqueca, fica latejando e me derruba. Eu não sei se é estresse, mas tem me incomodado bastante."
alteracao_do_aparelho_cardiovascular|alteracao_do_aparelho_digestivo|alteracao_do_aparelho_respiratorio,"De forma objetiva, eu percebi isso mais nas últimas semanas. Eu sinto um 'tranco' no coração e fico preocupada. Tenho dor no estômago e náusea principalmente à noite. Parece que eu não consigo encher o pulmão direito em alguns momentos. Eu não queria exagerar, mas achei melhor comentar."
alteracao_do_aparelho_reprodutor|fadiga_persistente|sintoma_hormonal,"Ah doutora, eu percebi isso mais nas últimas semanas. Eu notei queda de cabelo e mudanças que parecem hormonais. Tenho sangramento irregular e cólicas que não eram assim antes. Eu não queria exagerar, mas achei melhor comentar."
alteracao_do_aparelho_digestivo|alteracao_do_aparelho_reprodutor|dor_de_cabeca_frequente|fadiga_persistente|sintoma_hormonal,"Sei lá, eu não sei se é estresse, mas tem me incomodado bastante. Meu intestino está desregulado, alterna entre preso e solto. Tenho cólicas mais fortes do que o normal e dor pélvica. Quando estou mais cansada, a dor aparece e demora pra ir embora. Eu me sinto exausta desde cedo e vou piorando ao longo do dia."
alteracao_do_aparelho_reprodutor|fadiga_persistente|sintoma_hormonal,"Nas últimas semanas eu não sei se é estresse, mas tem me incomodado bastante. Eu tenho fadiga que dura semanas, sem melhora. Eu notei queda de cabelo e mudanças que parecem hormonais. Sinto dor na parte baixa da barriga em alguns dias do mês. Eu fico insegura se é algo sério."
alteracao_do_aparelho_reprodutor|dor_de_cabeca_frequente|dor_muscular|fadiga_persistente|sintoma_hormonal,"Sei lá, eu não queria exagerar, mas achei melhor comentar. Tenho cólicas mais fortes do que o normal e dor pélvica. Minha musculatura fica dolorida e às vezes eu tenho câimbra. Meu humor e meu corpo mudam juntos perto do ciclo, parece hormonal. Eu sinto uma dor de cabeça quase diária, principalmente quando estou tensa. Eu vim mais pra checar e não deixar acumular."
alteracao_do_aparelho_cardiovascular|alteracao_do_aparelho_respiratorio|aperto_no_peito|dor_muscular|fadiga_persistente,"Olha, eu pensei que fosse fase, mas não está passando. Tenho percebido palpitações e um mal-estar rápido. Eu fico sem energia o tempo inteiro, como se não recuperasse. Eu sinto um peso no peito, não é dor forte, mas incomoda. Quando deito, às vezes sinto que a respiração fica mais difícil. Doutora, eu queria entender se isso é normal ou se eu deveria investigar."
fadiga_persistente|isolamento_social,"De forma objetiva, eu tento levar, mas tem dias que pesa. Eu fico sem energia o tempo inteiro, como se não recuperasse. Eu não sei se é estresse, mas tem me incomodado bastante."
dor_de_cabeca_frequente|risco_violencia_domestica,"Tipo, eu pensei que fosse fase, mas não está passando. Tem horas que eu prefiro não falar nada e só deixar passar. No fim da tarde minha cabeça pesa e a dor fica chata e constante. Eu tento levar, mas tem dias que pesa."
alteracao_do_aparelho_cardiovascular|dor_de_cabeca_frequente,"Então, eu pensei que fosse fase, mas não está passando. Tenho sentido tontura e batimentos rápidos em alguns momentos. Eu pensei que fosse fase, mas não está passando."
alteracao_do_aparelho_digestivo|alteracao_do_aparelho_reprodutor|dor_de_cabeca_frequente|isolamento_social|risco_violencia_domestica,"Sei lá, eu vim mais pra checar e não deixar acumular. Tenho dor no estômago e náusea principalmente à noite. Tem dias que é enxaqueca, fica latejando e me derruba. Tenho cólicas mais fortes do que o normal e dor pélvica. Eu não tenho muita vontade de ver gente, nem família. Tem horas que eu prefiro não falar nada e só deixar passar. Eu vim mais pra checar e não deixar acumular."
alteracao_do_aparelho_cardiovascular|alteracao_do_aparelho_respiratorio|aperto_no_peito,"Olha, eu só queria uma orientação do que fazer. Eu sinto o coração disparar, mesmo parada. É como se algo estivesse pressionando aqui no meio do peito. Eu acordo com a garganta seca e uma tosse que incomoda. Eu percebi isso mais nas últimas semanas."
alteracao_do_aparelho_cardiovascular|alteracao_do_aparelho_respiratorio|fadiga_persistente|isolamento_social,"Olha, eu fico insegura se é algo sério. Tenho percebido palpitações e um mal-estar rápido. Eu parei de ir em lugares que eu gostava, não tenho ânimo. Eu me sinto exausta desde cedo e vou piorando ao longo do dia. Eu não queria exagerar, mas achei melhor comentar."
alteracao_do_aparelho_cardiovascular|alteracao_do_aparelho_reprodutor|aperto_no_peito|fadiga_persistente|sintoma_hormonal,"De forma objetiva, eu não sei se é estresse, mas tem me incomodado bastante. Eu acordo cansada todo dia, mesmo quando durmo. Meu ciclo ficou irregular e atrasou mais de uma vez. Já aconteceu de eu sentir o coração irregular por alguns segundos. Eu notei queda de cabelo e mudanças que parecem hormonais. Eu não queria exagerar, mas achei melhor comentar."
alteracao_do_aparelho_cardiovascular|aperto_no_peito,"Sei lá, eu não queria exagerar, mas achei melhor comentar. Tenho sentido tontura e batimentos rápidos em alguns momentos. Quando fico nervosa, o peito aperta e demora a passar."
alteracao_do_aparelho_digestivo|dor_muscular|fadiga_persistente|sintoma_hormonal,"Ah doutora, eu percebi isso mais nas últimas semanas. As costas e o pescoço doem, principalmente depois de um dia longo. Meu intestino está desregulado, alterna entre preso e solto. Eu acordo cansada todo dia, mesmo quando durmo. Eu pensei que fosse fase, mas não está passando."
fadiga_persistente|isolamento_social|sintoma_hormonal,"Então, doutora, eu queria entender se isso é normal ou se eu deveria investigar. Eu tenho fadiga que dura semanas, sem melhora. Parece que meu corpo está desregulado, eu atribuo a hormônios. Eu não sei se é estresse, mas tem me incomodado bastante."
alteracao_do_aparelho_cardiovascular|alteracao_do_aparelho_respiratorio|aperto_no_peito,"Tipo, eu tento levar, mas tem dias que pesa. Tenho sentido tontura e batimentos rápidos em alguns momentos. Eu acordo com a garganta seca e uma tosse que incomoda. Eu fico com o peito apertado e dá vontade de suspirar o tempo todo. Doutora, eu queria entender se isso é normal ou se eu deveria investigar."
alteracao_do_aparelho_cardiovascular|alteracao_do_aparelho_respiratorio|aperto_no_peito|dor_de_cabeca_frequente|dor_muscular,"Ah doutora, eu estou ficando preocupada porque está mais frequente. Eu fico com dor no ombro e no pescoço, parece que tudo trava. Minha cabeça dói com frequência e às vezes dá náusea junto. Tenho episódios de batimento acelerado quando eu paro pra descansar. Parece que eu não consigo encher o pulmão direito em alguns momentos. Dá uma sensação de opressão no peito que me assusta um pouco. Eu percebi isso mais nas últimas semanas."
alteracao_do_aparelho_respiratorio|aperto_no_peito|dor_muscular|fadiga_persistente,"De forma objetiva, doutora, eu queria entender se isso é normal ou se eu deveria investigar. Tenho sensação de garganta irritada e peito 'pesado' pra respirar. Quando fico nervosa, o peito aperta e demora a passar. Eu fico sem energia o tempo inteiro, como se não recuperasse. Eu tenho dor muscular nas pernas e nas costas sem motivo claro. Eu estou ficando preocupada porque está mais frequente."
dor_de_cabeca_frequente|dor_muscular,"Percebi um padrão: doutora, eu queria entender se isso é normal ou se eu deveria investigar. No fim da tarde minha cabeça pesa e a dor fica chata e constante. Doutora, eu queria entender se isso é normal ou se eu deveria investigar."
alteracao_do_aparelho_cardiovascular|alteracao_do_aparelho_reprodutor,"Tipo, eu não sei se é estresse, mas tem me incomodado bastante. Tenho percebido palpitações e um mal-estar rápido. Minha menstruação veio diferente, com manchas e dor."
alteracao_do_aparelho_cardiovascular|alteracao_do_aparelho_respiratorio|aperto_no_peito,"Então, eu não sei se é estresse, mas tem me incomodado bastante. Sinto um chiado leve ao respirar, principalmente à noite. Eu sinto um aperto no peito de vez em quando, como uma pressão. Tenho episódios de batimento acelerado quando eu paro pra descansar. Eu fico insegura se é algo sério."
alteracao_do_aparelho_cardiovascular|sintoma_hormonal,"Tipo, eu fico insegura se é algo sério. Sinto uma taquicardia curta e depois passa, mas assusta. Tenho sensação de 'desbalanço' hormonal, difícil explicar."
alteracao_do_aparelho_cardiovascular|alteracao_do_aparelho_respiratorio|aperto_no_peito,"Tenho notado que eu pensei que fosse fase, mas não está passando. Meu coração acelera do nada e eu sinto palpitação. Eu fico ofegante com esforço leve, o que não era comum pra mim. O peito fica apertado e eu sinto que preciso parar o que estou fazendo. Eu não queria exagerar, mas achei melhor comentar."
alteracao_do_aparelho_digestivo|fadiga_persistente|isolamento_social,"Nas últimas semanas eu não sei se é estresse, mas tem me incomodado bastante. Eu cansei de socializar, tenho recusado convites e fico mais em casa. Sinto barriga inchada e uma sensação de digestão lenta. É um cansaço constante, não é só sono. Eu não queria exagerar, mas achei melhor comentar."
aperto_no_peito|risco_violencia_domestica,"Olha, eu percebi isso mais nas últimas semanas. Eu evito comentar certas coisas porque eu não sei como a outra pessoa vai reagir. Quando fico nervosa, o peito aperta e demora a passar. Eu percebi isso mais nas últimas semanas."
aperto_no_peito|risco_violencia_domestica,"Olha, eu não queria exagerar, mas achei melhor comentar. Eu tenho escolhido minhas palavras o tempo todo pra não criar problema. Eu sinto um peso no peito, não é dor forte, mas incomoda. Eu tento levar, mas tem dias que pesa."
alteracao_do_aparelho_reprodutor|dor_muscular,"Percebi um padrão: eu tento levar, mas tem dias que pesa. Tenho cólicas mais fortes do que o normal e dor pélvica. Meus ombros ficam doloridos e eu acordo rígida. Eu não queria exagerar, mas achei melhor comentar."
alteracao_do_aparelho_digestivo|alteracao_do_aparelho_reprodutor|dor_de_cabeca_frequente|isolamento_social|risco_violencia_domestica|sintoma_hormonal,"Ah doutora, eu só queria uma orientação do que fazer. Meu intestino está desregulado, alterna entre preso e solto. Parece que meu corpo está desregulado, eu atribuo a hormônios. Quando o clima muda em casa, eu sinto que é melhor não tocar em assunto nenhum. Tenho respondido menos mensagens e preferido ficar no meu canto. Senti dor pélvica e o ciclo desregulou nas últimas semanas. Tem dias que é enxaqueca, fica latejando e me derruba. Eu fico insegura se é algo sério."
alteracao_do_aparelho_digestivo|aperto_no_peito|isolamento_social,"Observei que eu pensei que fosse fase, mas não está passando. Dá uma sensação de opressão no peito que me assusta um pouco. Ando com constipação e desconforto abdominal. Eu me afastei um pouco das minhas amigas sem perceber. Eu não sei se é estresse, mas tem me incomodado bastante."
dor_de_cabeca_frequente|isolamento_social|risco_violencia_domestica,"Então, doutora, eu queria entender se isso é normal ou se eu deveria investigar. Eu parei de ir em lugares que eu gostava, não tenho ânimo. Eu acordo com a cabeça pesada e isso vai e volta durante o dia. Quando o clima muda em casa, eu sinto que é melhor não tocar em assunto nenhum. Eu vim mais pra checar e não deixar acumular."
alteracao_do_aparelho_digestivo|fadiga_persistente,"Tenho notado que eu tento levar, mas tem dias que pesa. Eu tenho fadiga que dura semanas, sem melhora. Ando com constipação e desconforto abdominal. Eu não sei se é estresse, mas tem me incomodado bastante."
aperto_no_peito|isolamento_social|risco_violencia_domestica,"Olha, eu fico insegura se é algo sério. Às vezes parece que meu peito fecha e eu preciso respirar fundo. Tenho respondido menos mensagens e preferido ficar no meu canto. Às vezes eu fico tensa só de pensar em falar como eu estou me sentindo em casa."
alteracao_do_aparelho_cardiovascular|alteracao_do_aparelho_reprodutor|aperto_no_peito|fadiga_persistente|isolamento_social,"Ah doutora, eu só queria uma orientação do que fazer. Às vezes parece que meu coração está batendo forte demais. Dá uma sensação de opressão no peito que me assusta um pouco. Eu tenho dado desculpa pra não sair, só pra ficar em silêncio. Eu me sinto exausta desde cedo e vou piorando ao longo do dia. Minha menstruação veio diferente, com manchas e dor. Doutora, eu queria entender se isso é normal ou se eu deveria investigar."
alteracao_do_aparelho_cardiovascular|alteracao_do_aparelho_reprodutor|alteracao_do_aparelho_respiratorio|aperto_no_peito|fadiga_persistente|sintoma_hormonal,"Observei que eu não queria exagerar, mas achei melhor comentar. Sinto inchaço e mudanças no corpo que eu acho que são hormonais. Tenho episódios de batimento acelerado quando eu paro pra descansar. Eu tive sangramento fora de hora e fiquei preocupada. O peito fica apertado e eu sinto que preciso parar o que estou fazendo. Eu tenho exaustão diária e isso atrapalha minha rotina. Minha respiração fica curta e eu preciso parar e respirar fundo. Eu vim mais pra checar e não deixar acumular."
dor_de_cabeca_frequente|sintoma_hormonal,"Sei lá, eu não sei se é estresse, mas tem me incomodado bastante. Eu sinto que tem algo hormonal, porque isso piora em certas fases do mês. Eu sinto uma dor de cabeça quase diária, principalmente quando estou tensa. Doutora, eu queria entender se isso é normal ou se eu deveria investigar."
alteracao_do_aparelho_reprodutor|sintoma_hormonal,"De forma objetiva, eu pensei que fosse fase, mas não está passando. Tenho cólicas mais fortes do que o normal e dor pélvica. Meu corpo parece diferente perto do ciclo, como se os hormônios mudassem tudo. Doutora, eu queria entender se isso é normal ou se eu deveria investigar."
alteracao_do_aparelho_respiratorio|dor_de_cabeca_frequente,"Então, doutora, eu queria entender se isso é normal ou se eu deveria investigar. Eu fico ofegante com esforço leve, o que não era comum pra mim."
fadiga_persistente|isolamento_social|risco_violencia_domestica|sintoma_hormonal,"Então, eu só queria uma orientação do que fazer. Eu fico muito cansada, com corpo pesado, todo dia. Tenho oscilação de sintomas junto do meu ciclo, então penso em hormônio. Eu me sinto meio na ponta dos pés dentro de casa, tentando não irritar ninguém. Eu parei de ir em lugares que eu gostava, não tenho ânimo. Doutora, eu queria entender se isso é normal ou se eu deveria investigar."
alteracao_do_aparelho_digestivo|aperto_no_peito|fadiga_persistente|sintoma_hormonal,"De forma objetiva, eu fico insegura se é algo sério. Eu tenho essa sensação de aperto no peito, principalmente no fim do dia. Tenho sensação de 'desbalanço' hormonal, difícil explicar. Eu fico sem energia o tempo inteiro, como se não recuperasse. Eu só queria uma orientação do que fazer."
dor_de_cabeca_frequente|sintoma_hormonal,"Sei lá, eu percebi isso mais nas últimas semanas. Tem dias que é enxaqueca, fica latejando e me derruba. Eu não sei se é estresse, mas tem me incomodado bastante."
alteracao_do_aparelho_respiratorio|aperto_no_peito|dor_de_cabeca_frequente|sintoma_hormonal,"Então, eu não sei se é estresse, mas tem me incomodado bastante. Tenho tido tosse seca que vai e volta. Parece que meu corpo está desregulado, eu atribuo a hormônios. É uma dor meio apertada, como se tivesse uma faixa na cabeça. O peito fica apertado e eu sinto que preciso parar o que estou fazendo. Eu vim mais pra checar e não deixar acumular."
alteracao_do_aparelho_cardiovascular|sintoma_hormonal,"Sei lá, eu percebi isso mais nas últimas semanas. Tenho sensação de 'desbalanço' hormonal, difícil explicar. Tenho episódios de batimento acelerado quando eu paro pra descansar. Eu vim mais pra checar e não deixar acumular."
alteracao_do_aparelho_cardiovascular|aperto_no_peito|dor_de_cabeca_frequente|dor_muscular,"Percebi um padrão: eu estou ficando preocupada porque está mais frequente. Minha cabeça dói com frequência e às vezes dá náusea junto. Já aconteceu de eu sentir o coração irregular por alguns segundos. O peito fica apertado e eu sinto que preciso parar o que estou fazendo. Doutora, eu queria entender se isso é normal ou se eu deveria investigar."
alteracao_do_aparelho_cardiovascular|alteracao_do_aparelho_respiratorio|aperto_no_peito|dor_de_cabeca_frequente|fadiga_persistente,"Olha, eu percebi isso mais nas últimas semanas. Mesmo em dias tranquilos eu estou esgotada. Parece que eu não consigo encher o pulmão direito em alguns momentos. Meu coração acelera do nada e eu sinto palpitação. No fim da tarde minha cabeça pesa e a dor fica chata e constante. Eu pensei que fosse fase, mas não está passando."
dor_muscular|fadiga_persistente|sintoma_hormonal,"Então, eu tento levar, mas tem dias que pesa. Eu tenho dor muscular nas pernas e nas costas sem motivo claro. Tenho sensação de 'desbalanço' hormonal, difícil explicar. É um cansaço que não melhora com descanso. Doutora, eu queria entender se isso é normal ou se eu deveria investigar."
alteracao_do_aparelho_cardiovascular|aperto_no_peito,"Sei lá, eu estou ficando preocupada porque está mais frequente. Quando fico nervosa, o peito aperta e demora a passar. Tenho sentido tontura e batimentos rápidos em alguns momentos. Eu vim mais pra checar e não deixar acumular."
alteracao_do_aparelho_reprodutor|dor_muscular,"Tipo, doutora, eu queria entender se isso é normal ou se eu deveria investigar. Eu fico com dor no ombro e no pescoço, parece que tudo trava. Tenho cólicas mais fortes do que o normal e dor pélvica. Eu percebi isso mais nas últimas semanas."
alteracao_do_aparelho_digestivo|alteracao_do_aparelho_reprodutor|dor_de_cabeca_frequente,"Sei lá, eu só queria uma orientação do que fazer. No fim da tarde minha cabeça pesa e a dor fica chata e constante. Sinto barriga inchada e uma sensação de digestão lenta. Eu tive sangramento fora de hora e fiquei preocupada. Eu estou ficando preocupada porque está mais frequente."
alteracao_do_aparelho_digestivo|alteracao_do_aparelho_respiratorio|aperto_no_peito,"Nas últimas semanas eu estou ficando preocupada porque está mais frequente. Meu apetite mudou, tem dia que eu esqueço de comer. Em alguns momentos eu sinto falta de ar e fico ansiosa junto. Eu fico com o peito apertado e dá vontade de suspirar o tempo todo. Eu não queria exagerar, mas achei melhor comentar."
dor_muscular|isolamento_social,"Percebi um padrão: eu vim mais pra checar e não deixar acumular. Meu corpo fica pesado e com dores, tipo 'quebrada'. Eu vim mais pra checar e não deixar acumular."
dor_muscular|fadiga_persistente,"Tipo, doutora, eu queria entender se isso é normal ou se eu deveria investigar. É um cansaço constante, não é só sono. Meu corpo fica pesado e com dores, tipo 'quebrada'. Eu só queria uma orientação do que fazer."
alteracao_do_aparelho_digestivo|alteracao_do_aparelho_reprodutor|dor_muscular|fadiga_persistente|isolamento_social,"Olha, eu não sei se é estresse, mas tem me incomodado bastante. Tenho diarreia em alguns dias e fico fraca depois. Meu ciclo ficou irregular e atrasou mais de uma vez. Eu tenho fadiga que dura semanas, sem melhora. Eu ando evitando sair e encontrar pessoas, até amigas próximas. Meu corpo fica pesado e com dores, tipo 'quebrada'. Eu tento levar, mas tem dias que pesa."
alteracao_do_aparelho_respiratorio|aperto_no_peito,"Sei lá, eu não sei se é estresse, mas tem me incomodado bastante. Sinto um chiado leve ao respirar, principalmente à noite. Às vezes parece que meu peito fecha e eu preciso respirar fundo. Eu não sei se é estresse, mas tem me incomodado bastante."
alteracao_do_aparelho_digestivo|dor_muscular|fadiga_persistente,"Ah doutora, eu só queria uma orientação do que fazer. Meu apetite mudou, tem dia que eu esqueço de comer. Meu pescoço e ombros ficam travados, como tensão acumulada. Eu estou ficando preocupada porque está mais frequente."
alteracao_do_aparelho_digestivo|dor_muscular|fadiga_persistente,"Percebi um padrão: eu não sei se é estresse, mas tem me incomodado bastante. Eu fico com o estômago embrulhado quando estou preocupada. Meu pescoço e ombros ficam travados, como tensão acumulada. É um cansaço que não melhora com descanso."
alteracao_do_aparelho_respiratorio|aperto_no_peito|dor_de_cabeca_frequente,"Tenho notado que eu tento levar, mas tem dias que pesa. Eu fico com o peito apertado e dá vontade de suspirar o tempo todo. A dor vem atrás dos olhos e piora com luz. Tenho tido tosse seca que vai e volta. Eu estou ficando preocupada porque está mais frequente."
aperto_no_peito|dor_de_cabeca_frequente,"Sei lá, doutora, eu queria entender se isso é normal ou se eu deveria investigar. Eu fico com o peito apertado e dá vontade de suspirar o tempo todo. Tem dias que é enxaqueca, fica latejando e me derruba. Eu estou ficando preocupada porque está mais frequente."
alteracao_do_aparelho_digestivo|dor_de_cabeca_frequente,"Sei lá, eu estou ficando preocupada porque está mais frequente. Eu tenho dor de cabeça várias vezes na semana, tipo uma pressão na testa. Eu não sei se é estresse, mas tem me incomodado bastante."
alteracao_do_aparelho_digestivo|alteracao_do_aparelho_reprodutor,"Tipo, eu não queria exagerar, mas achei melhor comentar. Tenho cólicas mais fortes do que o normal e dor pélvica."
fadiga_persistente|sintoma_hormonal,"Tenho notado que doutora, eu queria entender se isso é normal ou se eu deveria investigar. Tenho sensação de 'desbalanço' hormonal, difícil explicar. Eu estou ficando preocupada porque está mais frequente."
dor_de_cabeca_frequente|dor_muscular,"Nas últimas semanas doutora, eu queria entender se isso é normal ou se eu deveria investigar. Eu sinto dor no corpo, como se eu tivesse carregado peso. Eu vim mais pra checar e não deixar acumular."
dor_de_cabeca_frequente|sintoma_hormonal,"Percebi um padrão: eu tento levar, mas tem dias que pesa. Sinto inchaço e mudanças no corpo que eu acho que são hormonais. A dor vem atrás dos olhos e piora com luz. Eu pensei que fosse fase, mas não está passando."
alteracao_do_aparelho_digestivo|alteracao_do_aparelho_reprodutor|dor_de_cabeca_frequente|fadiga_persistente,"Observei que eu tento levar, mas tem dias que pesa. Meu intestino está desregulado, alterna entre preso e solto. Meu ciclo encurtou e eu tive cólica forte. Mesmo em dias tranquilos eu estou esgotada. Minha cabeça dói com frequência e às vezes dá náusea junto. Eu não sei se é estresse, mas tem me incomodado bastante."
alteracao_do_aparelho_digestivo|alteracao_do_aparelho_reprodutor|dor_de_cabeca_frequente|fadiga_persistente,"Sei lá, eu vim mais pra checar e não deixar acumular. Eu acordo cansada todo dia, mesmo quando durmo. Sinto dor na parte baixa da barriga em alguns dias do mês. Meu apetite mudou, tem dia que eu esqueço de comer. É uma dor meio apertada, como se tivesse uma faixa na cabeça. Eu fico insegura se é algo sério."
fadiga_persistente|sintoma_hormonal,"Sei lá, eu não queria exagerar, mas achei melhor comentar. Mesmo em dias tranquilos eu estou esgotada. Meu humor e meu corpo mudam juntos perto do ciclo, parece hormonal. Eu percebi isso mais nas últimas semanas."
alteracao_do_aparelho_cardiovascular|alteracao_do_aparelho_respiratorio|aperto_no_peito|dor_de_cabeca_frequente|sintoma_hormonal,"Tenho notado que eu fico insegura se é algo sério. Eu sinto um aperto no peito de vez em quando, como uma pressão. Meu coração acelera do nada e eu sinto palpitação. Parece que eu não consigo encher o pulmão direito em alguns momentos. Tenho ondas de calor e suor noturno de vez em quando, acho que é hormonal. A dor vem atrás dos olhos e piora com luz. Eu não queria exagerar, mas achei melhor comentar."
alteracao_do_aparelho_cardiovascular|dor_de_cabeca_frequente,"Observei que eu pensei que fosse fase, mas não está passando. Tem dias que é enxaqueca, fica latejando e me derruba. Eu sinto o coração disparar, mesmo parada. Eu só queria uma orientação do que fazer."
dor_de_cabeca_frequente|isolamento_social|risco_violencia_domestica,"Olha, eu não queria exagerar, mas achei melhor comentar. Eu tenho dor de cabeça várias vezes na semana, tipo uma pressão na testa. Quando o clima muda em casa, eu sinto que é melhor não tocar em assunto nenhum. Eu cansei de socializar, tenho recusado convites e fico mais em casa. Eu não queria exagerar, mas achei melhor comentar."
aperto_no_peito|dor_de_cabeca_frequente|isolamento_social|risco_violencia_domestica,"Ah doutora, eu pensei que fosse fase, mas não está passando. Eu sinto um aperto no peito de vez em quando, como uma pressão. Eu tenho escolhido minhas palavras o tempo todo pra não criar problema. Eu sinto uma dor de cabeça quase diária, principalmente quando estou tensa. Eu tenho dado desculpa pra não sair, só pra ficar em silêncio. Eu tento levar, mas tem dias que pesa."
alteracao_do_aparelho_cardiovascular|dor_de_cabeca_frequente,"Tipo, eu não queria exagerar, mas achei melhor comentar. Eu acordo com a cabeça pesada e isso vai e volta durante o dia. Eu fico com o coração acelerado e mãos frias. Eu percebi isso mais nas últimas semanas."
alteracao_do_aparelho_cardiovascular|alteracao_do_aparelho_digestivo|alteracao_do_aparelho_respiratorio,"Ah doutora, eu fico insegura se é algo sério. Eu tenho sentido enjoo e azia com frequência. Minha respiração fica curta e eu preciso parar e respirar fundo. Tenho percebido palpitações e um mal-estar rápido. Eu pensei que fosse fase, mas não está passando."
isolamento_social|risco_violencia_domestica,"Sei lá, eu não queria exagerar, mas achei melhor comentar. Eu tenho dado desculpa pra não sair, só pra ficar em silêncio. Eu evito comentar certas coisas porque eu não sei como a outra pessoa vai reagir. Eu vim mais pra checar e não deixar acumular."
